actual,prediction,timestamp
1008.358333,1400.1,2020-11-01 00:00:00
1491.0,1508.8,2020-11-01 01:00:00
1868.75,1770.2,2020-11-01 02:00:00
2123.208333,1786.8,2020-11-01 03:00:00
1789.216667,1846.3,2020-11-01 04:00:00
1819.516667,1722.3,2020-11-01 05:00:00
2028.441667,1783.4,2020-11-01 06:00:00
1700.316667,2090.6,2020-11-01 07:00:00
2220.775,2137.2,2020-11-01 08:00:00
2456.933333,2200.0,2020-11-01 09:00:00
2462.991667,2363.1,2020-11-01 10:00:00
2465.05,2298.5,2020-11-01 11:00:00
2305.05,2167.0,2020-11-01 12:00:00
2288.6,2325.0,2020-11-01 13:00:00
2438.391667,2264.5,2020-11-01 14:00:00
2255.991667,2325.7,2020-11-01 15:00:00
2110.241667,2261.8,2020-11-01 16:00:00
2118.758333,2224.3,2020-11-01 17:00:00
1882.391667,2103.0,2020-11-01 18:00:00
1624.025,1934.2,2020-11-01 19:00:00
1387.925,1898.9,2020-11-01 20:00:00
1589.683333,1430.6,2020-11-01 21:00:00
1759.283333,1405.9,2020-11-01 22:00:00
1538.775,963.2,2020-11-01 23:00:00
1229.766667,1143.0,2020-11-02 00:00:00
1059.391667,1416.2,2020-11-02 01:00:00
1012.008333,1375.1,2020-11-02 02:00:00
940.416667,1174.9,2020-11-02 03:00:00
1178.1,1143.1,2020-11-02 04:00:00
1174.291667,1174.9,2020-11-02 05:00:00
1167.525,642.2,2020-11-02 06:00:00
1157.866667,340.9,2020-11-02 07:00:00
899.05,258.5,2020-11-02 08:00:00
956.183333,233.5,2020-11-02 09:00:00
846.683333,590.1,2020-11-02 10:00:00
778.425,467.6,2020-11-02 11:00:00
606.383333,343.4,2020-11-02 12:00:00
365.908333,297.4,2020-11-02 13:00:00
269.116667,175.3,2020-11-02 14:00:00
144.225,136.7,2020-11-02 15:00:00
79.275,104.1,2020-11-02 16:00:00
52.375,132.6,2020-11-02 17:00:00
31.2,115.5,2020-11-02 18:00:00
26.141667,130.7,2020-11-02 19:00:00
26.225,128.3,2020-11-02 20:00:00
31.366667,84.5,2020-11-02 21:00:00
26.866667,73.8,2020-11-02 22:00:00
20.541667,93.3,2020-11-02 23:00:00
18.133333,89.4,2020-11-03 00:00:00
16.366667,57.5,2020-11-03 01:00:00
16.091667,40.8,2020-11-03 02:00:00
16.191667,28.4,2020-11-03 03:00:00
16.65,17.7,2020-11-03 04:00:00
16.55,4.8,2020-11-03 05:00:00
16.991667,6.0,2020-11-03 06:00:00
18.316667,6.8,2020-11-03 07:00:00
19.608333,22.8,2020-11-03 08:00:00
22.508333,41.5,2020-11-03 09:00:00
23.966667,18.9,2020-11-03 10:00:00
33.108333,30.0,2020-11-03 11:00:00
39.325,57.8,2020-11-03 12:00:00
48.883333,82.8,2020-11-03 13:00:00
103.083333,128.9,2020-11-03 14:00:00
143.9,216.1,2020-11-03 15:00:00
242.525,276.9,2020-11-03 16:00:00
351.391667,104.2,2020-11-03 17:00:00
381.325,196.6,2020-11-03 18:00:00
574.266667,479.1,2020-11-03 19:00:00
599.65,547.6,2020-11-03 20:00:00
547.625,588.8,2020-11-03 21:00:00
647.05,556.6,2020-11-03 22:00:00
700.483333,672.2,2020-11-03 23:00:00
568.416667,790.1,2020-11-04 00:00:00
418.191667,655.5,2020-11-04 01:00:00
433.6,516.8,2020-11-04 02:00:00
477.933333,551.9,2020-11-04 03:00:00
459.816667,576.5,2020-11-04 04:00:00
485.2,524.1,2020-11-04 05:00:00
503.166667,544.0,2020-11-04 06:00:00
486.425,545.9,2020-11-04 07:00:00
466.216667,516.6,2020-11-04 08:00:00
378.75,498.2,2020-11-04 09:00:00
292.958333,324.1,2020-11-04 10:00:00
269.733333,265.3,2020-11-04 11:00:00
276.716667,192.6,2020-11-04 12:00:00
250.216667,149.7,2020-11-04 13:00:00
218.516667,128.1,2020-11-04 14:00:00
196.575,104.3,2020-11-04 15:00:00
194.216667,84.5,2020-11-04 16:00:00
178.183333,213.1,2020-11-04 17:00:00
169.041667,363.2,2020-11-04 18:00:00
134.958333,615.1,2020-11-04 19:00:00
93.95,926.7,2020-11-04 20:00:00
64.8,927.6,2020-11-04 21:00:00
58.85,863.2,2020-11-04 22:00:00
49.975,858.5,2020-11-04 23:00:00
41.808333,895.8,2020-11-05 00:00:00
53.908333,899.7,2020-11-05 01:00:00
61.575,879.0,2020-11-05 02:00:00
70.283333,875.7,2020-11-05 03:00:00
64.083333,850.5,2020-11-05 04:00:00
60.075,909.8,2020-11-05 05:00:00
74.283333,910.0,2020-11-05 06:00:00
78.416667,938.2,2020-11-05 07:00:00
92.575,896.6,2020-11-05 08:00:00
91.816667,767.1,2020-11-05 09:00:00
60.375,672.0,2020-11-05 10:00:00
34.066667,350.5,2020-11-05 11:00:00
26.991667,231.4,2020-11-05 12:00:00
22.45,236.6,2020-11-05 13:00:00
20.3,377.4,2020-11-05 14:00:00
33.683333,638.7,2020-11-05 15:00:00
64.575,740.9,2020-11-05 16:00:00
81.208333,865.2,2020-11-05 17:00:00
108.95,1047.6,2020-11-05 18:00:00
258.991667,1171.9,2020-11-05 19:00:00
450.458333,1198.5,2020-11-05 20:00:00
674.908333,1324.5,2020-11-05 21:00:00
407.941667,1574.5,2020-11-05 22:00:00
395.108333,1666.0,2020-11-05 23:00:00
234.575,1843.7,2020-11-06 00:00:00
301.308333,1956.9,2020-11-06 01:00:00
566.933333,1960.6,2020-11-06 02:00:00
624.908333,1904.6,2020-11-06 03:00:00
570.6,1872.2,2020-11-06 04:00:00
609.633333,1946.2,2020-11-06 05:00:00
979.216667,1939.3,2020-11-06 06:00:00
1105.341667,1932.1,2020-11-06 07:00:00
1330.35,1885.3,2020-11-06 08:00:00
1567.083333,1850.2,2020-11-06 09:00:00
1736.85,1712.9,2020-11-06 10:00:00
1598.05,1529.1,2020-11-06 11:00:00
1248.466667,1796.2,2020-11-06 12:00:00
1057.041667,1513.6,2020-11-06 13:00:00
1323.308333,1375.8,2020-11-06 14:00:00
1474.291667,1295.7,2020-11-06 15:00:00
1747.316667,1138.8,2020-11-06 16:00:00
1852.408333,1130.4,2020-11-06 17:00:00
2003.5,1715.1,2020-11-06 18:00:00
2144.158333,1758.7,2020-11-06 19:00:00
2100.841667,1677.6,2020-11-06 20:00:00
2165.316667,2114.3,2020-11-06 21:00:00
2224.3,2311.9,2020-11-06 22:00:00
2438.258333,2268.2,2020-11-06 23:00:00
2460.775,2424.7,2020-11-07 00:00:00
2462.841667,2386.5,2020-11-07 01:00:00
2455.391667,2407.0,2020-11-07 02:00:00
2453.741667,2454.8,2020-11-07 03:00:00
2455.041667,2471.9,2020-11-07 04:00:00
2457.566667,2460.8,2020-11-07 05:00:00
2456.908333,2467.9,2020-11-07 06:00:00
2415.558333,2468.9,2020-11-07 07:00:00
2423.708333,2388.3,2020-11-07 08:00:00
2445.241667,2257.3,2020-11-07 09:00:00
2379.958333,1881.5,2020-11-07 10:00:00
2320.091667,1440.3,2020-11-07 11:00:00
2265.866667,1435.3,2020-11-07 12:00:00
2066.966667,1172.4,2020-11-07 13:00:00
1998.391667,798.3,2020-11-07 14:00:00
2129.983333,737.0,2020-11-07 15:00:00
2277.316667,830.0,2020-11-07 16:00:00
2350.9,488.1,2020-11-07 17:00:00
2342.608333,2030.8,2020-11-07 18:00:00
2168.333333,2422.9,2020-11-07 19:00:00
2165.416667,2290.9,2020-11-07 20:00:00
2027.95,2416.1,2020-11-07 21:00:00
2150.375,2402.5,2020-11-07 22:00:00
2277.841667,2413.3,2020-11-07 23:00:00
2317.825,2361.4,2020-11-08 00:00:00
2446.191667,2363.9,2020-11-08 01:00:00
2462.441667,2461.4,2020-11-08 02:00:00
2464.008333,2485.9,2020-11-08 03:00:00
2463.691667,2474.1,2020-11-08 04:00:00
2458.716667,2476.4,2020-11-08 05:00:00
2455.416667,2438.2,2020-11-08 06:00:00
2418.466667,2470.8,2020-11-08 07:00:00
2457.95,2440.6,2020-11-08 08:00:00
2458.491667,2459.3,2020-11-08 09:00:00
2454.875,2316.3,2020-11-08 10:00:00
2458.766667,2253.0,2020-11-08 11:00:00
2439.216667,2202.1,2020-11-08 12:00:00
2412.375,1800.8,2020-11-08 13:00:00
2330.633333,1147.9,2020-11-08 14:00:00
1990.158333,1109.9,2020-11-08 15:00:00
1730.566667,848.6,2020-11-08 16:00:00
1692.716667,1136.0,2020-11-08 17:00:00
1971.975,1297.3,2020-11-08 18:00:00
2218.1,1517.6,2020-11-08 19:00:00
2345.55,922.3,2020-11-08 20:00:00
2408.841667,1355.0,2020-11-08 21:00:00
2442.083333,2154.9,2020-11-08 22:00:00
2463.475,2470.8,2020-11-08 23:00:00
2465.05,2434.0,2020-11-09 00:00:00
2460.725,2496.6,2020-11-09 01:00:00
2404.208333,2494.6,2020-11-09 02:00:00
2355.0,2448.1,2020-11-09 03:00:00
2233.5,2393.4,2020-11-09 04:00:00
1810.991667,2300.6,2020-11-09 05:00:00
1771.041667,2126.9,2020-11-09 06:00:00
1603.116667,2194.6,2020-11-09 07:00:00
1639.325,2231.5,2020-11-09 08:00:00
1718.591667,2202.6,2020-11-09 09:00:00
1764.625,2159.0,2020-11-09 10:00:00
1765.825,2187.1,2020-11-09 11:00:00
1756.341667,2143.3,2020-11-09 12:00:00
1762.35,2146.4,2020-11-09 13:00:00
1796.358333,2148.2,2020-11-09 14:00:00
1824.7,2160.8,2020-11-09 15:00:00
1879.958333,2464.1,2020-11-09 16:00:00
1967.041667,2421.3,2020-11-09 17:00:00
2090.308333,2400.3,2020-11-09 18:00:00
2173.2,2380.0,2020-11-09 19:00:00
2368.091667,2456.0,2020-11-09 20:00:00
2466.375,2496.2,2020-11-09 21:00:00
2460.466667,2504.8,2020-11-09 22:00:00
2462.716667,2503.4,2020-11-09 23:00:00
2463.625,2504.3,2020-11-10 00:00:00
2461.658333,2497.9,2020-11-10 01:00:00
2464.416667,2489.2,2020-11-10 02:00:00
2462.866667,2408.5,2020-11-10 03:00:00
2459.866667,2462.4,2020-11-10 04:00:00
2418.933333,2487.1,2020-11-10 05:00:00
2351.158333,2481.9,2020-11-10 06:00:00
2303.916667,2467.1,2020-11-10 07:00:00
2129.7,2403.6,2020-11-10 08:00:00
2005.3,2270.2,2020-11-10 09:00:00
1814.85,2159.0,2020-11-10 10:00:00
1691.333333,2044.2,2020-11-10 11:00:00
1469.325,1824.9,2020-11-10 12:00:00
1441.441667,1862.2,2020-11-10 13:00:00
1801.675,2020.1,2020-11-10 14:00:00
2031.008333,2246.9,2020-11-10 15:00:00
2162.8,2340.4,2020-11-10 16:00:00
2290.858333,2164.5,2020-11-10 17:00:00
2379.083333,2312.3,2020-11-10 18:00:00
2456.733333,2382.6,2020-11-10 19:00:00
2457.925,2447.0,2020-11-10 20:00:00
2405.683333,2465.8,2020-11-10 21:00:00
2140.933333,2442.0,2020-11-10 22:00:00
1884.8,2187.8,2020-11-10 23:00:00
1639.233333,2030.3,2020-11-11 00:00:00
1405.141667,2039.4,2020-11-11 01:00:00
1161.008333,1813.4,2020-11-11 02:00:00
1043.616667,1690.8,2020-11-11 03:00:00
1061.608333,1430.7,2020-11-11 04:00:00
966.366667,1351.4,2020-11-11 05:00:00
1047.066667,1070.9,2020-11-11 06:00:00
1119.016667,1088.3,2020-11-11 07:00:00
983.208333,1156.4,2020-11-11 08:00:00
832.941667,839.3,2020-11-11 09:00:00
708.35,457.4,2020-11-11 10:00:00
627.908333,485.7,2020-11-11 11:00:00
502.95,336.5,2020-11-11 12:00:00
491.858333,261.7,2020-11-11 13:00:00
448.1,419.1,2020-11-11 14:00:00
304.366667,413.8,2020-11-11 15:00:00
271.025,567.1,2020-11-11 16:00:00
426.1,376.8,2020-11-11 17:00:00
674.683333,407.5,2020-11-11 18:00:00
732.625,118.0,2020-11-11 19:00:00
868.891667,175.3,2020-11-11 20:00:00
1151.416667,378.6,2020-11-11 21:00:00
700.416667,564.7,2020-11-11 22:00:00
552.308333,485.2,2020-11-11 23:00:00
500.966667,351.6,2020-11-12 00:00:00
674.5,329.5,2020-11-12 01:00:00
727.325,529.7,2020-11-12 02:00:00
724.35,624.1,2020-11-12 03:00:00
825.191667,450.2,2020-11-12 04:00:00
999.425,728.1,2020-11-12 05:00:00
1098.566667,940.0,2020-11-12 06:00:00
873.375,1056.3,2020-11-12 07:00:00
696.658333,1132.5,2020-11-12 08:00:00
468.033333,1223.1,2020-11-12 09:00:00
266.316667,929.6,2020-11-12 10:00:00
205.725,825.3,2020-11-12 11:00:00
286.391667,640.8,2020-11-12 12:00:00
315.708333,599.6,2020-11-12 13:00:00
350.991667,619.5,2020-11-12 14:00:00
621.733333,483.6,2020-11-12 15:00:00
435.033333,649.2,2020-11-12 16:00:00
554.4,924.4,2020-11-12 17:00:00
563.508333,1128.5,2020-11-12 18:00:00
674.966667,1096.6,2020-11-12 19:00:00
909.133333,783.3,2020-11-12 20:00:00
1356.2,1047.0,2020-11-12 21:00:00
1211.383333,1621.6,2020-11-12 22:00:00
1152.908333,1514.0,2020-11-12 23:00:00
1171.308333,1330.4,2020-11-13 00:00:00
1276.808333,1335.9,2020-11-13 01:00:00
1358.858333,1266.6,2020-11-13 02:00:00
1350.958333,1219.9,2020-11-13 03:00:00
923.041667,1325.0,2020-11-13 04:00:00
796.65,1192.9,2020-11-13 05:00:00
605.675,1154.1,2020-11-13 06:00:00
563.158333,1299.9,2020-11-13 07:00:00
743.675,1301.8,2020-11-13 08:00:00
1018.65,1354.2,2020-11-13 09:00:00
1275.333333,1374.0,2020-11-13 10:00:00
1514.525,1425.9,2020-11-13 11:00:00
1697.383333,1528.1,2020-11-13 12:00:00
2045.241667,1728.9,2020-11-13 13:00:00
2109.316667,1930.8,2020-11-13 14:00:00
2169.491667,2122.4,2020-11-13 15:00:00
2169.216667,2006.8,2020-11-13 16:00:00
2130.658333,2360.0,2020-11-13 17:00:00
2176.291667,2157.9,2020-11-13 18:00:00
2155.3,1731.5,2020-11-13 19:00:00
2070.458333,1544.0,2020-11-13 20:00:00
1855.433333,1440.9,2020-11-13 21:00:00
1783.216667,1379.4,2020-11-13 22:00:00
1763.0,1922.6,2020-11-13 23:00:00
1706.958333,1946.9,2020-11-14 00:00:00
1592.2,1907.8,2020-11-14 01:00:00
1434.441667,1833.4,2020-11-14 02:00:00
1640.608333,1765.8,2020-11-14 03:00:00
1460.766667,1695.7,2020-11-14 04:00:00
1483.375,1721.9,2020-11-14 05:00:00
1228.066667,1626.8,2020-11-14 06:00:00
1246.641667,1433.0,2020-11-14 07:00:00
1412.291667,1231.0,2020-11-14 08:00:00
1309.825,1575.5,2020-11-14 09:00:00
1257.175,1101.1,2020-11-14 10:00:00
1354.966667,1498.5,2020-11-14 11:00:00
1764.375,1564.5,2020-11-14 12:00:00
1931.633333,1817.2,2020-11-14 13:00:00
1833.825,1924.2,2020-11-14 14:00:00
1835.916667,1919.7,2020-11-14 15:00:00
1773.508333,1724.2,2020-11-14 16:00:00
1991.008333,1643.1,2020-11-14 17:00:00
2336.916667,1793.1,2020-11-14 18:00:00
2401.833333,2322.9,2020-11-14 19:00:00
2433.0,2265.6,2020-11-14 20:00:00
2411.383333,2358.7,2020-11-14 21:00:00
2422.608333,2407.3,2020-11-14 22:00:00
2382.883333,2409.4,2020-11-14 23:00:00
2341.383333,2434.9,2020-11-15 00:00:00
2278.533333,2437.9,2020-11-15 01:00:00
2424.8,2423.3,2020-11-15 02:00:00
2447.55,2457.5,2020-11-15 03:00:00
2443.791667,2433.3,2020-11-15 04:00:00
2455.308333,2446.5,2020-11-15 05:00:00
2439.775,2462.0,2020-11-15 06:00:00
2433.191667,2462.8,2020-11-15 07:00:00
2426.058333,2465.8,2020-11-15 08:00:00
2412.058333,2470.6,2020-11-15 09:00:00
2267.583333,2460.3,2020-11-15 10:00:00
2130.783333,2368.6,2020-11-15 11:00:00
2229.325,2208.6,2020-11-15 12:00:00
2299.283333,2341.4,2020-11-15 13:00:00
2292.433333,2291.8,2020-11-15 14:00:00
2308.416667,2077.3,2020-11-15 15:00:00
2132.75,2087.1,2020-11-15 16:00:00
2334.458333,1790.5,2020-11-15 17:00:00
2238.641667,1736.3,2020-11-15 18:00:00
2119.416667,2141.4,2020-11-15 19:00:00
2176.8,2156.7,2020-11-15 20:00:00
2435.591667,2225.6,2020-11-15 21:00:00
2406.658333,1737.5,2020-11-15 22:00:00
2378.375,1880.1,2020-11-15 23:00:00
2420.3,2164.5,2020-11-16 00:00:00
2187.458333,2193.4,2020-11-16 01:00:00
2229.05,2373.0,2020-11-16 02:00:00
2241.741667,2398.2,2020-11-16 03:00:00
1898.066667,2272.3,2020-11-16 04:00:00
1670.858333,1466.3,2020-11-16 05:00:00
1688.733333,1140.3,2020-11-16 06:00:00
1948.533333,998.4,2020-11-16 07:00:00
2047.675,1127.1,2020-11-16 08:00:00
2060.183333,2259.2,2020-11-16 09:00:00
2063.775,2426.4,2020-11-16 10:00:00
2455.266667,2182.4,2020-11-16 11:00:00
2461.816667,2488.4,2020-11-16 12:00:00
2455.833333,2496.6,2020-11-16 13:00:00
2034.258333,2481.1,2020-11-16 14:00:00
2098.983333,2396.4,2020-11-16 15:00:00
2335.15,2053.3,2020-11-16 16:00:00
2279.425,2218.2,2020-11-16 17:00:00
2237.075,2322.3,2020-11-16 18:00:00
2297.416667,2356.9,2020-11-16 19:00:00
2086.383333,2232.7,2020-11-16 20:00:00
2271.85,1972.4,2020-11-16 21:00:00
2224.75,2147.9,2020-11-16 22:00:00
2184.908333,2193.0,2020-11-16 23:00:00
2174.808333,2157.3,2020-11-17 00:00:00
2028.316667,2326.0,2020-11-17 01:00:00
1831.683333,2314.2,2020-11-17 02:00:00
1731.333333,2315.4,2020-11-17 03:00:00
1697.491667,2183.4,2020-11-17 04:00:00
1533.783333,2151.9,2020-11-17 05:00:00
1504.525,2037.4,2020-11-17 06:00:00
1509.25,1797.9,2020-11-17 07:00:00
1368.916667,1569.3,2020-11-17 08:00:00
1101.55,1322.6,2020-11-17 09:00:00
973.466667,962.3,2020-11-17 10:00:00
887.991667,786.3,2020-11-17 11:00:00
857.466667,696.4,2020-11-17 12:00:00
888.266667,725.4,2020-11-17 13:00:00
917.466667,747.3,2020-11-17 14:00:00
875.1,638.7,2020-11-17 15:00:00
606.8,531.3,2020-11-17 16:00:00
368.766667,394.8,2020-11-17 17:00:00
501.808333,332.2,2020-11-17 18:00:00
640.966667,439.7,2020-11-17 19:00:00
1057.4,602.5,2020-11-17 20:00:00
1484.575,1199.9,2020-11-17 21:00:00
1593.058333,1562.4,2020-11-17 22:00:00
1871.066667,1749.5,2020-11-17 23:00:00
1903.725,1892.7,2020-11-18 00:00:00
1771.45,1922.2,2020-11-18 01:00:00
1717.1,2201.0,2020-11-18 02:00:00
1797.341667,2429.3,2020-11-18 03:00:00
1991.825,2358.9,2020-11-18 04:00:00
1896.291667,2295.7,2020-11-18 05:00:00
1864.316667,2238.5,2020-11-18 06:00:00
2030.958333,2172.8,2020-11-18 07:00:00
2291.766667,2178.8,2020-11-18 08:00:00
2263.766667,2395.0,2020-11-18 09:00:00
2330.433333,2074.4,2020-11-18 10:00:00
2435.25,2357.8,2020-11-18 11:00:00
2461.1,2461.3,2020-11-18 12:00:00
2455.641667,2429.2,2020-11-18 13:00:00
2350.608333,2445.3,2020-11-18 14:00:00
2268.841667,2349.5,2020-11-18 15:00:00
2089.2,2105.7,2020-11-18 16:00:00
1889.45,2252.1,2020-11-18 17:00:00
1763.158333,2274.5,2020-11-18 18:00:00
1720.725,2103.7,2020-11-18 19:00:00
1890.416667,2103.9,2020-11-18 20:00:00
1885.566667,1809.3,2020-11-18 21:00:00
1837.383333,2187.8,2020-11-18 22:00:00
1878.6,2388.2,2020-11-18 23:00:00
1979.616667,2429.1,2020-11-19 00:00:00
2145.891667,2404.1,2020-11-19 01:00:00
2068.466667,1616.9,2020-11-19 02:00:00
1968.883333,1320.5,2020-11-19 03:00:00
2268.325,1146.9,2020-11-19 04:00:00
1881.641667,1423.5,2020-11-19 05:00:00
2040.041667,1245.3,2020-11-19 06:00:00
2254.65,1692.6,2020-11-19 07:00:00
2282.775,1336.5,2020-11-19 08:00:00
1862.883333,1506.8,2020-11-19 09:00:00
1554.725,603.3,2020-11-19 10:00:00
1417.966667,262.9,2020-11-19 11:00:00
1384.616667,111.2,2020-11-19 12:00:00
1047.033333,77.0,2020-11-19 13:00:00
713.641667,82.5,2020-11-19 14:00:00
593.058333,260.5,2020-11-19 15:00:00
476.816667,220.3,2020-11-19 16:00:00
476.05,311.8,2020-11-19 17:00:00
467.666667,368.7,2020-11-19 18:00:00
430.316667,540.9,2020-11-19 19:00:00
554.25,567.0,2020-11-19 20:00:00
636.133333,301.4,2020-11-19 21:00:00
743.758333,200.7,2020-11-19 22:00:00
769.95,261.0,2020-11-19 23:00:00
597.058333,284.1,2020-11-20 00:00:00
412.775,287.0,2020-11-20 01:00:00
268.691667,222.0,2020-11-20 02:00:00
90.875,160.2,2020-11-20 03:00:00
32.808333,89.8,2020-11-20 04:00:00
17.691667,41.2,2020-11-20 05:00:00
17.133333,39.2,2020-11-20 06:00:00
16.375,110.3,2020-11-20 07:00:00
17.216667,202.5,2020-11-20 08:00:00
18.125,155.9,2020-11-20 09:00:00
19.975,84.5,2020-11-20 10:00:00
20.283333,71.7,2020-11-20 11:00:00
20.033333,108.8,2020-11-20 12:00:00
20.341667,121.7,2020-11-20 13:00:00
18.108333,133.4,2020-11-20 14:00:00
20.216667,95.1,2020-11-20 15:00:00
21.825,60.8,2020-11-20 16:00:00
23.575,26.1,2020-11-20 17:00:00
36.175,40.1,2020-11-20 18:00:00
75.858333,121.5,2020-11-20 19:00:00
138.85,104.2,2020-11-20 20:00:00
174.341667,116.2,2020-11-20 21:00:00
169.191667,163.6,2020-11-20 22:00:00
141.833333,157.6,2020-11-20 23:00:00
124.308333,146.1,2020-11-21 00:00:00
129.233333,90.6,2020-11-21 01:00:00
115.258333,78.5,2020-11-21 02:00:00
74.958333,55.3,2020-11-21 03:00:00
45.925,78.7,2020-11-21 04:00:00
38.108333,56.4,2020-11-21 05:00:00
34.608333,46.3,2020-11-21 06:00:00
32.441667,24.8,2020-11-21 07:00:00
26.891667,19.0,2020-11-21 08:00:00
20.875,23.4,2020-11-21 09:00:00
20.1,41.1,2020-11-21 10:00:00
19.266667,21.9,2020-11-21 11:00:00
17.358333,32.7,2020-11-21 12:00:00
22.758333,52.8,2020-11-21 13:00:00
80.475,70.6,2020-11-21 14:00:00
90.6,65.1,2020-11-21 15:00:00
83.25,125.0,2020-11-21 16:00:00
96.133333,555.9,2020-11-21 17:00:00
154.833333,1022.6,2020-11-21 18:00:00
298.525,1202.8,2020-11-21 19:00:00
668.358333,1086.5,2020-11-21 20:00:00
559.166667,1173.6,2020-11-21 21:00:00
542.35,1157.6,2020-11-21 22:00:00
396.8,1198.1,2020-11-21 23:00:00
506.016667,1216.3,2020-11-22 00:00:00
767.641667,1234.5,2020-11-22 01:00:00
865.433333,1260.9,2020-11-22 02:00:00
876.7,1320.4,2020-11-22 03:00:00
921.333333,1362.8,2020-11-22 04:00:00
849.7,1360.2,2020-11-22 05:00:00
852.841667,1321.0,2020-11-22 06:00:00
1082.758333,1304.3,2020-11-22 07:00:00
1411.683333,1318.2,2020-11-22 08:00:00
1538.825,1522.2,2020-11-22 09:00:00
1579.958333,1571.9,2020-11-22 10:00:00
1479.133333,1567.0,2020-11-22 11:00:00
1394.658333,1280.5,2020-11-22 12:00:00
1523.575,1316.3,2020-11-22 13:00:00
1871.666667,1429.5,2020-11-22 14:00:00
2320.833333,1815.5,2020-11-22 15:00:00
2426.325,2249.5,2020-11-22 16:00:00
2459.833333,2449.0,2020-11-22 17:00:00
2463.216667,2452.2,2020-11-22 18:00:00
2460.416667,2459.2,2020-11-22 19:00:00
2457.608333,2407.6,2020-11-22 20:00:00
2450.108333,2474.8,2020-11-22 21:00:00
2432.925,2475.1,2020-11-22 22:00:00
2386.816667,2459.2,2020-11-22 23:00:00
2375.091667,2447.0,2020-11-23 00:00:00
2148.716667,2445.1,2020-11-23 01:00:00
2000.516667,2172.4,2020-11-23 02:00:00
1569.658333,2005.3,2020-11-23 03:00:00
1112.325,1752.8,2020-11-23 04:00:00
911.891667,1262.1,2020-11-23 05:00:00
791.033333,1285.0,2020-11-23 06:00:00
587.15,1274.0,2020-11-23 07:00:00
570.375,1247.4,2020-11-23 08:00:00
293.958333,1058.8,2020-11-23 09:00:00
74.033333,644.6,2020-11-23 10:00:00
36.566667,235.1,2020-11-23 11:00:00
27.7,107.1,2020-11-23 12:00:00
34.983333,66.7,2020-11-23 13:00:00
51.516667,84.5,2020-11-23 14:00:00
50.85,102.7,2020-11-23 15:00:00
63.458333,67.5,2020-11-23 16:00:00
106.558333,46.5,2020-11-23 17:00:00
194.75,17.2,2020-11-23 18:00:00
344.808333,1.9,2020-11-23 19:00:00
454.283333,17.0,2020-11-23 20:00:00
420.658333,63.5,2020-11-23 21:00:00
356.641667,118.7,2020-11-23 22:00:00
307.725,301.2,2020-11-23 23:00:00
307.966667,465.9,2020-11-24 00:00:00
353.466667,758.5,2020-11-24 01:00:00
501.608333,1421.5,2020-11-24 02:00:00
598.6,1877.3,2020-11-24 03:00:00
934.566667,2118.8,2020-11-24 04:00:00
1326.558333,2092.6,2020-11-24 05:00:00
1333.033333,2140.4,2020-11-24 06:00:00
991.241667,2006.6,2020-11-24 07:00:00
578.158333,1955.7,2020-11-24 08:00:00
660.291667,1790.8,2020-11-24 09:00:00
839.658333,1766.8,2020-11-24 10:00:00
927.4,1931.6,2020-11-24 11:00:00
1045.991667,1995.8,2020-11-24 12:00:00
1423.825,1724.2,2020-11-24 13:00:00
1614.741667,1775.9,2020-11-24 14:00:00
1900.0,1968.9,2020-11-24 15:00:00
2097.525,1350.4,2020-11-24 16:00:00
2328.691667,913.1,2020-11-24 17:00:00
2347.758333,1368.6,2020-11-24 18:00:00
2331.0,1551.6,2020-11-24 19:00:00
2416.458333,1849.7,2020-11-24 20:00:00
2461.583333,2165.1,2020-11-24 21:00:00
2404.033333,1810.2,2020-11-24 22:00:00
1955.25,1866.8,2020-11-24 23:00:00
1641.825,1674.0,2020-11-25 00:00:00
1877.141667,1143.7,2020-11-25 01:00:00
1945.683333,1511.8,2020-11-25 02:00:00
1893.616667,1920.7,2020-11-25 03:00:00
1934.7,1802.3,2020-11-25 04:00:00
2365.091667,1934.5,2020-11-25 05:00:00
2447.508333,2030.8,2020-11-25 06:00:00
2463.333333,2112.7,2020-11-25 07:00:00
2460.383333,2100.8,2020-11-25 08:00:00
2453.425,2035.3,2020-11-25 09:00:00
2431.308333,1095.9,2020-11-25 10:00:00
2434.066667,1212.1,2020-11-25 11:00:00
2452.8,1631.6,2020-11-25 12:00:00
2409.608333,1682.3,2020-11-25 13:00:00
2187.033333,1418.2,2020-11-25 14:00:00
2219.75,1989.0,2020-11-25 15:00:00
2113.216667,1610.7,2020-11-25 16:00:00
1913.183333,1420.8,2020-11-25 17:00:00
1875.725,1560.5,2020-11-25 18:00:00
1951.391667,1591.1,2020-11-25 19:00:00
1689.55,1764.6,2020-11-25 20:00:00
1741.916667,2119.1,2020-11-25 21:00:00
1966.941667,1862.9,2020-11-25 22:00:00
2167.725,1942.9,2020-11-25 23:00:00
2253.475,2432.5,2020-11-26 00:00:00
2410.208333,2384.3,2020-11-26 01:00:00
2419.233333,2481.8,2020-11-26 02:00:00
2459.566667,2495.6,2020-11-26 03:00:00
2462.316667,2494.7,2020-11-26 04:00:00
2455.633333,2497.3,2020-11-26 05:00:00
2459.891667,2497.8,2020-11-26 06:00:00
2456.1,2499.3,2020-11-26 07:00:00
2452.616667,2490.5,2020-11-26 08:00:00
2382.041667,2493.2,2020-11-26 09:00:00
2307.683333,2439.0,2020-11-26 10:00:00
2329.566667,2347.1,2020-11-26 11:00:00
2073.808333,2300.1,2020-11-26 12:00:00
1881.158333,2328.0,2020-11-26 13:00:00
1910.616667,2322.1,2020-11-26 14:00:00
1732.983333,2407.8,2020-11-26 15:00:00
1685.983333,2284.1,2020-11-26 16:00:00
1854.775,2143.6,2020-11-26 17:00:00
2232.966667,2336.0,2020-11-26 18:00:00
2359.433333,2415.0,2020-11-26 19:00:00
2433.066667,2448.5,2020-11-26 20:00:00
2444.841667,2439.9,2020-11-26 21:00:00
2442.958333,2391.0,2020-11-26 22:00:00
2407.358333,2463.2,2020-11-26 23:00:00
2310.775,2381.5,2020-11-27 00:00:00
2418.225,2196.0,2020-11-27 01:00:00
2445.341667,2451.9,2020-11-27 02:00:00
2452.775,2318.4,2020-11-27 03:00:00
2458.533333,2098.4,2020-11-27 04:00:00
2459.75,2356.5,2020-11-27 05:00:00
2463.783333,2394.8,2020-11-27 06:00:00
2466.25,2466.5,2020-11-27 07:00:00
2455.35,2460.2,2020-11-27 08:00:00
2394.683333,2311.8,2020-11-27 09:00:00
2407.233333,2090.0,2020-11-27 10:00:00
2340.916667,2122.3,2020-11-27 11:00:00
2198.533333,2023.8,2020-11-27 12:00:00
1943.233333,1732.0,2020-11-27 13:00:00
1944.15,1323.6,2020-11-27 14:00:00
2019.191667,1318.4,2020-11-27 15:00:00
2097.091667,1316.8,2020-11-27 16:00:00
2164.083333,1215.8,2020-11-27 17:00:00
2243.158333,1327.6,2020-11-27 18:00:00
2324.308333,1824.0,2020-11-27 19:00:00
2403.625,2164.2,2020-11-27 20:00:00
2422.758333,2188.5,2020-11-27 21:00:00
2273.275,2243.7,2020-11-27 22:00:00
2277.325,2301.1,2020-11-27 23:00:00
2088.841667,2277.0,2020-11-28 00:00:00
2101.466667,2128.2,2020-11-28 01:00:00
2088.841667,2127.6,2020-11-28 02:00:00
1940.983333,2071.5,2020-11-28 03:00:00
1968.291667,1915.2,2020-11-28 04:00:00
2112.608333,1858.0,2020-11-28 05:00:00
2078.25,1760.8,2020-11-28 06:00:00
2003.041667,1865.0,2020-11-28 07:00:00
1883.566667,1870.3,2020-11-28 08:00:00
1942.866667,1856.5,2020-11-28 09:00:00
2094.916667,1777.3,2020-11-28 10:00:00
2179.383333,1831.5,2020-11-28 11:00:00
1938.016667,1796.0,2020-11-28 12:00:00
1765.675,1621.9,2020-11-28 13:00:00
1638.333333,1549.5,2020-11-28 14:00:00
1573.6,1469.8,2020-11-28 15:00:00
1553.325,1190.0,2020-11-28 16:00:00
1542.483333,915.5,2020-11-28 17:00:00
1497.325,729.7,2020-11-28 18:00:00
1386.291667,542.2,2020-11-28 19:00:00
1180.675,454.3,2020-11-28 20:00:00
972.283333,507.4,2020-11-28 21:00:00
816.025,516.3,2020-11-28 22:00:00
548.358333,503.4,2020-11-28 23:00:00
407.8,419.3,2020-11-29 00:00:00
523.833333,237.1,2020-11-29 01:00:00
799.116667,299.8,2020-11-29 02:00:00
1018.608333,497.9,2020-11-29 03:00:00
1096.383333,792.2,2020-11-29 04:00:00
1023.383333,888.6,2020-11-29 05:00:00
1109.566667,1052.4,2020-11-29 06:00:00
1317.416667,1113.4,2020-11-29 07:00:00
1416.858333,1108.0,2020-11-29 08:00:00
1340.216667,1074.9,2020-11-29 09:00:00
1493.808333,1099.5,2020-11-29 10:00:00
1768.5,1090.7,2020-11-29 11:00:00
1787.95,1225.4,2020-11-29 12:00:00
2039.466667,1449.2,2020-11-29 13:00:00
2183.366667,1869.8,2020-11-29 14:00:00
2334.275,2244.6,2020-11-29 15:00:00
2437.591667,2346.2,2020-11-29 16:00:00
2461.025,2456.1,2020-11-29 17:00:00
2456.066667,2456.2,2020-11-29 18:00:00
2461.391667,2499.4,2020-11-29 19:00:00
2465.808333,2485.0,2020-11-29 20:00:00
2448.891667,2328.8,2020-11-29 21:00:00
2410.358333,2268.2,2020-11-29 22:00:00
2403.05,2108.1,2020-11-29 23:00:00
2447.908333,1988.7,2020-11-30 00:00:00
2385.316667,2007.3,2020-11-30 01:00:00
2299.516667,2383.1,2020-11-30 02:00:00
2369.066667,2398.7,2020-11-30 03:00:00
2262.05,2380.4,2020-11-30 04:00:00
1952.891667,2330.5,2020-11-30 05:00:00
1954.891667,2423.6,2020-11-30 06:00:00
2214.908333,2403.1,2020-11-30 07:00:00
1751.908333,2339.5,2020-11-30 08:00:00
1048.008333,1962.4,2020-11-30 09:00:00
1293.091667,1333.0,2020-11-30 10:00:00
1352.616667,1736.8,2020-11-30 11:00:00
1347.258333,1884.8,2020-11-30 12:00:00
1392.716667,1807.8,2020-11-30 13:00:00
1538.508333,1855.9,2020-11-30 14:00:00
1712.016667,1487.9,2020-11-30 15:00:00
1872.633333,1036.5,2020-11-30 16:00:00
1965.925,345.3,2020-11-30 17:00:00
2132.325,366.6,2020-11-30 18:00:00
2160.216667,625.6,2020-11-30 19:00:00
2169.533333,672.4,2020-11-30 20:00:00
2125.375,804.7,2020-11-30 21:00:00
2156.433333,949.0,2020-11-30 22:00:00
2147.133333,722.1,2020-11-30 23:00:00
2139.3,1096.8,2020-12-01 00:00:00
1982.275,1025.4,2020-12-01 01:00:00
1618.575,743.4,2020-12-01 02:00:00
1450.725,571.1,2020-12-01 03:00:00
1484.166667,431.7,2020-12-01 04:00:00
1474.883333,221.5,2020-12-01 05:00:00
1294.475,345.6,2020-12-01 06:00:00
1439.483333,544.4,2020-12-01 07:00:00
1678.608333,575.2,2020-12-01 08:00:00
1502.966667,789.3,2020-12-01 09:00:00
1328.175,689.3,2020-12-01 10:00:00
1141.5,729.3,2020-12-01 11:00:00
822.375,681.3,2020-12-01 12:00:00
542.483333,605.2,2020-12-01 13:00:00
457.0,722.1,2020-12-01 14:00:00
407.416667,740.5,2020-12-01 15:00:00
320.525,762.8,2020-12-01 16:00:00
224.975,407.2,2020-12-01 17:00:00
149.05,375.1,2020-12-01 18:00:00
108.641667,344.1,2020-12-01 19:00:00
84.9,389.5,2020-12-01 20:00:00
68.275,370.8,2020-12-01 21:00:00
57.616667,387.2,2020-12-01 22:00:00
48.958333,435.9,2020-12-01 23:00:00
39.433333,431.8,2020-12-02 00:00:00
39.941667,382.9,2020-12-02 01:00:00
40.525,340.6,2020-12-02 02:00:00
37.633333,331.4,2020-12-02 03:00:00
27.05,265.8,2020-12-02 04:00:00
24.316667,206.1,2020-12-02 05:00:00
23.408333,163.6,2020-12-02 06:00:00
25.6,117.0,2020-12-02 07:00:00
28.508333,94.7,2020-12-02 08:00:00
24.25,54.6,2020-12-02 09:00:00
20.608333,22.0,2020-12-02 10:00:00
18.75,16.5,2020-12-02 11:00:00
17.941667,1.9,2020-12-02 12:00:00
16.75,1.4,2020-12-02 13:00:00
19.0,0.0,2020-12-02 14:00:00
32.808333,0.0,2020-12-02 15:00:00
40.6,0.1,2020-12-02 16:00:00
30.241667,17.2,2020-12-02 17:00:00
23.783333,45.0,2020-12-02 18:00:00
24.116667,46.5,2020-12-02 19:00:00
28.983333,66.5,2020-12-02 20:00:00
44.6,206.5,2020-12-02 21:00:00
73.408333,418.4,2020-12-02 22:00:00
165.9,507.5,2020-12-02 23:00:00
398.083333,629.5,2020-12-03 00:00:00
720.508333,861.9,2020-12-03 01:00:00
996.15,1082.2,2020-12-03 02:00:00
1088.758333,1412.1,2020-12-03 03:00:00
1296.275,1593.9,2020-12-03 04:00:00
1719.483333,2044.7,2020-12-03 05:00:00
2269.525,2232.2,2020-12-03 06:00:00
2354.991667,2323.9,2020-12-03 07:00:00
2414.716667,2378.7,2020-12-03 08:00:00
2450.683333,2449.9,2020-12-03 09:00:00
2448.633333,2449.1,2020-12-03 10:00:00
2408.508333,1995.3,2020-12-03 11:00:00
2262.083333,1467.3,2020-12-03 12:00:00
1880.991667,1266.7,2020-12-03 13:00:00
1640.633333,902.7,2020-12-03 14:00:00
1441.016667,757.1,2020-12-03 15:00:00
1290.783333,866.7,2020-12-03 16:00:00
1067.566667,1018.8,2020-12-03 17:00:00
979.091667,1180.8,2020-12-03 18:00:00
987.191667,1244.0,2020-12-03 19:00:00
793.733333,1213.3,2020-12-03 20:00:00
1067.375,1342.6,2020-12-03 21:00:00
1194.875,1526.2,2020-12-03 22:00:00
1074.85,1603.3,2020-12-03 23:00:00
930.616667,1572.2,2020-12-04 00:00:00
282.233333,1681.8,2020-12-04 01:00:00
135.108333,1556.6,2020-12-04 02:00:00
374.416667,1751.7,2020-12-04 03:00:00
818.783333,1854.0,2020-12-04 04:00:00
752.291667,1923.3,2020-12-04 05:00:00
672.125,1778.0,2020-12-04 06:00:00
607.275,1450.6,2020-12-04 07:00:00
681.091667,1312.9,2020-12-04 08:00:00
535.758333,1297.7,2020-12-04 09:00:00
275.758333,1173.9,2020-12-04 10:00:00
222.391667,1075.9,2020-12-04 11:00:00
221.375,1084.1,2020-12-04 12:00:00
249.5,1033.2,2020-12-04 13:00:00
183.883333,862.1,2020-12-04 14:00:00
91.083333,753.4,2020-12-04 15:00:00
102.958333,651.5,2020-12-04 16:00:00
179.866667,487.0,2020-12-04 17:00:00
225.983333,461.4,2020-12-04 18:00:00
213.941667,385.8,2020-12-04 19:00:00
161.475,294.7,2020-12-04 20:00:00
128.708333,227.1,2020-12-04 21:00:00
110.116667,181.5,2020-12-04 22:00:00
97.333333,178.3,2020-12-04 23:00:00
61.658333,115.7,2020-12-05 00:00:00
39.958333,140.8,2020-12-05 01:00:00
43.158333,123.2,2020-12-05 02:00:00
32.325,108.6,2020-12-05 03:00:00
34.35,81.1,2020-12-05 04:00:00
20.75,81.0,2020-12-05 05:00:00
18.216667,91.3,2020-12-05 06:00:00
18.5,81.8,2020-12-05 07:00:00
17.8,27.4,2020-12-05 08:00:00
19.708333,20.5,2020-12-05 09:00:00
22.566667,4.9,2020-12-05 10:00:00
24.5,11.1,2020-12-05 11:00:00
31.733333,18.5,2020-12-05 12:00:00
40.875,23.1,2020-12-05 13:00:00
30.083333,34.7,2020-12-05 14:00:00
27.716667,35.6,2020-12-05 15:00:00
45.55,35.1,2020-12-05 16:00:00
79.775,37.8,2020-12-05 17:00:00
73.175,98.7,2020-12-05 18:00:00
54.558333,87.2,2020-12-05 19:00:00
51.308333,59.0,2020-12-05 20:00:00
51.208333,71.0,2020-12-05 21:00:00
39.683333,103.7,2020-12-05 22:00:00
35.558333,244.5,2020-12-05 23:00:00
27.483333,291.5,2020-12-06 00:00:00
24.783333,371.0,2020-12-06 01:00:00
23.008333,375.5,2020-12-06 02:00:00
22.833333,338.0,2020-12-06 03:00:00
22.375,301.9,2020-12-06 04:00:00
21.941667,394.5,2020-12-06 05:00:00
21.825,541.7,2020-12-06 06:00:00
24.375,584.3,2020-12-06 07:00:00
24.591667,642.9,2020-12-06 08:00:00
24.966667,753.0,2020-12-06 09:00:00
27.916667,715.3,2020-12-06 10:00:00
30.216667,568.7,2020-12-06 11:00:00
25.075,415.8,2020-12-06 12:00:00
25.5,279.0,2020-12-06 13:00:00
74.458333,212.0,2020-12-06 14:00:00
128.383333,196.1,2020-12-06 15:00:00
186.141667,147.1,2020-12-06 16:00:00
225.35,174.8,2020-12-06 17:00:00
209.491667,406.0,2020-12-06 18:00:00
206.408333,598.9,2020-12-06 19:00:00
232.233333,263.6,2020-12-06 20:00:00
443.958333,237.2,2020-12-06 21:00:00
185.891667,560.4,2020-12-06 22:00:00
153.891667,547.1,2020-12-06 23:00:00
318.066667,371.2,2020-12-07 00:00:00
98.9,365.3,2020-12-07 01:00:00
90.341667,346.6,2020-12-07 02:00:00
105.091667,647.6,2020-12-07 03:00:00
115.091667,728.9,2020-12-07 04:00:00
178.95,755.9,2020-12-07 05:00:00
218.208333,849.4,2020-12-07 06:00:00
221.666667,958.4,2020-12-07 07:00:00
155.383333,991.3,2020-12-07 08:00:00
131.125,944.2,2020-12-07 09:00:00
217.725,854.6,2020-12-07 10:00:00
295.366667,731.2,2020-12-07 11:00:00
436.825,846.5,2020-12-07 12:00:00
489.0,930.2,2020-12-07 13:00:00
515.558333,1006.6,2020-12-07 14:00:00
718.216667,1143.9,2020-12-07 15:00:00
833.016667,1616.4,2020-12-07 16:00:00
973.825,1201.9,2020-12-07 17:00:00
1035.158333,1261.7,2020-12-07 18:00:00
1352.991667,1226.3,2020-12-07 19:00:00
1889.766667,1141.6,2020-12-07 20:00:00
1909.316667,1332.0,2020-12-07 21:00:00
1451.666667,1430.4,2020-12-07 22:00:00
1342.2,1362.6,2020-12-07 23:00:00
1469.708333,1254.8,2020-12-08 00:00:00
1526.625,1206.0,2020-12-08 01:00:00
1529.191667,1164.6,2020-12-08 02:00:00
1458.741667,1159.2,2020-12-08 03:00:00
1381.533333,1015.9,2020-12-08 04:00:00
1284.725,682.7,2020-12-08 05:00:00
1171.2,502.4,2020-12-08 06:00:00
1078.658333,361.9,2020-12-08 07:00:00
840.025,299.5,2020-12-08 08:00:00
711.433333,370.7,2020-12-08 09:00:00
578.941667,289.3,2020-12-08 10:00:00
290.683333,141.3,2020-12-08 11:00:00
130.525,7.7,2020-12-08 12:00:00
65.991667,0.0,2020-12-08 13:00:00
37.416667,0.9,2020-12-08 14:00:00
27.033333,2.9,2020-12-08 15:00:00
24.741667,1.2,2020-12-08 16:00:00
20.108333,4.5,2020-12-08 17:00:00
19.483333,36.7,2020-12-08 18:00:00
22.875,43.3,2020-12-08 19:00:00
21.766667,33.1,2020-12-08 20:00:00
29.508333,14.0,2020-12-08 21:00:00
42.725,19.2,2020-12-08 22:00:00
38.391667,30.3,2020-12-08 23:00:00
37.491667,27.4,2020-12-09 00:00:00
37.508333,28.1,2020-12-09 01:00:00
34.716667,46.7,2020-12-09 02:00:00
33.9,44.4,2020-12-09 03:00:00
27.125,35.3,2020-12-09 04:00:00
28.6,24.9,2020-12-09 05:00:00
25.533333,26.1,2020-12-09 06:00:00
27.491667,47.2,2020-12-09 07:00:00
26.675,78.6,2020-12-09 08:00:00
26.25,94.1,2020-12-09 09:00:00
24.65,96.3,2020-12-09 10:00:00
20.266667,86.0,2020-12-09 11:00:00
17.725,52.4,2020-12-09 12:00:00
20.833333,29.8,2020-12-09 13:00:00
107.6,23.8,2020-12-09 14:00:00
136.8,30.4,2020-12-09 15:00:00
126.291667,68.3,2020-12-09 16:00:00
81.625,93.7,2020-12-09 17:00:00
58.008333,99.9,2020-12-09 18:00:00
46.191667,53.9,2020-12-09 19:00:00
76.416667,115.5,2020-12-09 20:00:00
70.925,132.1,2020-12-09 21:00:00
76.825,183.2,2020-12-09 22:00:00
101.075,297.4,2020-12-09 23:00:00
238.925,569.6,2020-12-10 00:00:00
285.741667,756.2,2020-12-10 01:00:00
249.691667,869.8,2020-12-10 02:00:00
298.8,817.0,2020-12-10 03:00:00
219.066667,812.1,2020-12-10 04:00:00
152.633333,808.8,2020-12-10 05:00:00
106.891667,890.4,2020-12-10 06:00:00
111.666667,970.6,2020-12-10 07:00:00
209.933333,967.7,2020-12-10 08:00:00
291.908333,1004.6,2020-12-10 09:00:00
226.091667,1027.0,2020-12-10 10:00:00
184.366667,1010.7,2020-12-10 11:00:00
178.575,966.6,2020-12-10 12:00:00
173.566667,886.7,2020-12-10 13:00:00
195.566667,835.2,2020-12-10 14:00:00
227.916667,825.9,2020-12-10 15:00:00
288.291667,890.1,2020-12-10 16:00:00
362.316667,963.2,2020-12-10 17:00:00
473.191667,1114.5,2020-12-10 18:00:00
561.241667,1161.8,2020-12-10 19:00:00
594.65,1180.1,2020-12-10 20:00:00
564.708333,1216.2,2020-12-10 21:00:00
566.041667,1190.3,2020-12-10 22:00:00
686.266667,1121.2,2020-12-10 23:00:00
739.308333,1248.0,2020-12-11 00:00:00
699.608333,1254.7,2020-12-11 01:00:00
703.433333,1191.9,2020-12-11 02:00:00
784.208333,1136.7,2020-12-11 03:00:00
921.8,1177.7,2020-12-11 04:00:00
996.908333,1274.3,2020-12-11 05:00:00
1049.008333,1309.2,2020-12-11 06:00:00
1081.941667,1329.9,2020-12-11 07:00:00
1109.383333,1356.3,2020-12-11 08:00:00
1076.558333,1368.2,2020-12-11 09:00:00
967.316667,1446.9,2020-12-11 10:00:00
929.916667,1454.6,2020-12-11 11:00:00
941.091667,1451.4,2020-12-11 12:00:00
1009.625,1431.9,2020-12-11 13:00:00
1142.075,1395.0,2020-12-11 14:00:00
1287.466667,1402.3,2020-12-11 15:00:00
1394.3,1455.9,2020-12-11 16:00:00
1413.866667,1344.6,2020-12-11 17:00:00
1272.816667,1373.5,2020-12-11 18:00:00
1160.158333,1371.4,2020-12-11 19:00:00
1076.8,1443.8,2020-12-11 20:00:00
1054.308333,1463.2,2020-12-11 21:00:00
1123.391667,1448.9,2020-12-11 22:00:00
1247.108333,1450.0,2020-12-11 23:00:00
1405.583333,1482.4,2020-12-12 00:00:00
1526.958333,1518.6,2020-12-12 01:00:00
1511.133333,1580.3,2020-12-12 02:00:00
1360.483333,1646.8,2020-12-12 03:00:00
1025.475,1549.2,2020-12-12 04:00:00
1404.583333,1535.3,2020-12-12 05:00:00
1427.05,1710.0,2020-12-12 06:00:00
1253.683333,1808.3,2020-12-12 07:00:00
1159.125,1835.0,2020-12-12 08:00:00
1171.041667,1884.2,2020-12-12 09:00:00
1290.033333,2009.5,2020-12-12 10:00:00
1341.125,2230.7,2020-12-12 11:00:00
1447.641667,2257.6,2020-12-12 12:00:00
1288.466667,2191.1,2020-12-12 13:00:00
1146.708333,1790.9,2020-12-12 14:00:00
1069.208333,1398.8,2020-12-12 15:00:00
1029.466667,878.7,2020-12-12 16:00:00
1002.183333,412.2,2020-12-12 17:00:00
974.383333,776.9,2020-12-12 18:00:00
1100.291667,776.2,2020-12-12 19:00:00
1018.916667,607.6,2020-12-12 20:00:00
1019.066667,660.0,2020-12-12 21:00:00
1604.1,690.4,2020-12-12 22:00:00
2191.858333,1398.0,2020-12-12 23:00:00
2173.541667,1937.5,2020-12-13 00:00:00
1918.775,2128.8,2020-12-13 01:00:00
1414.791667,1818.6,2020-12-13 02:00:00
804.366667,1399.4,2020-12-13 03:00:00
607.35,1464.9,2020-12-13 04:00:00
654.925,1442.5,2020-12-13 05:00:00
359.941667,1360.1,2020-12-13 06:00:00
209.991667,1173.3,2020-12-13 07:00:00
170.416667,1293.9,2020-12-13 08:00:00
215.8,1734.3,2020-12-13 09:00:00
355.658333,1417.7,2020-12-13 10:00:00
414.016667,1070.0,2020-12-13 11:00:00
632.166667,1088.7,2020-12-13 12:00:00
1252.658333,1256.5,2020-12-13 13:00:00
1550.025,1290.1,2020-12-13 14:00:00
1974.441667,1087.2,2020-12-13 15:00:00
2308.0,1201.0,2020-12-13 16:00:00
2244.083333,2265.3,2020-12-13 17:00:00
2209.95,2226.9,2020-12-13 18:00:00
2045.883333,2340.8,2020-12-13 19:00:00
2132.625,2298.1,2020-12-13 20:00:00
1926.541667,2350.1,2020-12-13 21:00:00
1826.108333,2329.7,2020-12-13 22:00:00
1787.0,2354.7,2020-12-13 23:00:00
1919.15,2166.8,2020-12-14 00:00:00
1708.825,2201.0,2020-12-14 01:00:00
1729.366667,2136.6,2020-12-14 02:00:00
1581.908333,2061.0,2020-12-14 03:00:00
1320.816667,1771.5,2020-12-14 04:00:00
1269.858333,1650.8,2020-12-14 05:00:00
1720.85,1783.0,2020-12-14 06:00:00
1934.441667,1902.3,2020-12-14 07:00:00
2085.7,1894.1,2020-12-14 08:00:00
2132.75,2091.9,2020-12-14 09:00:00
2153.35,2177.0,2020-12-14 10:00:00
2039.966667,2226.7,2020-12-14 11:00:00
2063.308333,1988.7,2020-12-14 12:00:00
2171.325,1863.9,2020-12-14 13:00:00
2308.183333,1990.2,2020-12-14 14:00:00
2426.491667,2442.7,2020-12-14 15:00:00
2409.091667,2453.6,2020-12-14 16:00:00
2461.008333,2426.7,2020-12-14 17:00:00
2462.066667,2325.1,2020-12-14 18:00:00
2441.291667,2362.3,2020-12-14 19:00:00
2429.575,2469.9,2020-12-14 20:00:00
2460.308333,2438.1,2020-12-14 21:00:00
2463.975,2340.6,2020-12-14 22:00:00
2463.616667,2301.8,2020-12-14 23:00:00
2464.575,2391.8,2020-12-15 00:00:00
2463.641667,2497.4,2020-12-15 01:00:00
2464.125,2502.0,2020-12-15 02:00:00
2466.708333,2469.2,2020-12-15 03:00:00
2463.075,2473.4,2020-12-15 04:00:00
2464.258333,2234.2,2020-12-15 05:00:00
2467.758333,2254.4,2020-12-15 06:00:00
2463.783333,2199.0,2020-12-15 07:00:00
2452.1,2024.0,2020-12-15 08:00:00
2457.6,2407.8,2020-12-15 09:00:00
2456.191667,2402.2,2020-12-15 10:00:00
2385.716667,2090.4,2020-12-15 11:00:00
2415.758333,2398.3,2020-12-15 12:00:00
2453.525,2448.9,2020-12-15 13:00:00
2428.175,2479.0,2020-12-15 14:00:00
2387.591667,2419.3,2020-12-15 15:00:00
2346.908333,1847.2,2020-12-15 16:00:00
2315.666667,1331.2,2020-12-15 17:00:00
2304.366667,945.9,2020-12-15 18:00:00
2336.391667,751.2,2020-12-15 19:00:00
2381.316667,1026.7,2020-12-15 20:00:00
2377.033333,1670.3,2020-12-15 21:00:00
2345.125,2035.1,2020-12-15 22:00:00
2402.825,2002.2,2020-12-15 23:00:00
2284.933333,2240.4,2020-12-16 00:00:00
2396.108333,2267.3,2020-12-16 01:00:00
2462.816667,2245.1,2020-12-16 02:00:00
2464.525,2395.0,2020-12-16 03:00:00
2460.975,2483.8,2020-12-16 04:00:00
2467.9,2483.7,2020-12-16 05:00:00
2457.7,2498.4,2020-12-16 06:00:00
2455.741667,2491.5,2020-12-16 07:00:00
2462.2,2498.9,2020-12-16 08:00:00
2463.208333,2500.9,2020-12-16 09:00:00
2459.366667,2497.9,2020-12-16 10:00:00
2330.708333,2433.2,2020-12-16 11:00:00
2328.0,2460.6,2020-12-16 12:00:00
2340.733333,2429.3,2020-12-16 13:00:00
2347.266667,2376.0,2020-12-16 14:00:00
2361.716667,2388.0,2020-12-16 15:00:00
2433.45,2401.2,2020-12-16 16:00:00
2454.516667,2489.4,2020-12-16 17:00:00
2470.291667,2481.2,2020-12-16 18:00:00
2466.408333,2497.8,2020-12-16 19:00:00
2465.983333,2489.2,2020-12-16 20:00:00
2462.808333,2482.9,2020-12-16 21:00:00
2426.891667,2460.2,2020-12-16 22:00:00
2412.391667,2485.1,2020-12-16 23:00:00
2433.95,2472.8,2020-12-17 00:00:00
2274.041667,2453.1,2020-12-17 01:00:00
2116.058333,2406.0,2020-12-17 02:00:00
1553.25,2121.2,2020-12-17 03:00:00
810.75,1516.4,2020-12-17 04:00:00
326.6,915.2,2020-12-17 05:00:00
109.125,475.0,2020-12-17 06:00:00
39.583333,215.0,2020-12-17 07:00:00
48.241667,123.1,2020-12-17 08:00:00
61.566667,283.9,2020-12-17 09:00:00
74.666667,319.9,2020-12-17 10:00:00
100.575,363.7,2020-12-17 11:00:00
118.65,573.6,2020-12-17 12:00:00
111.95,1173.7,2020-12-17 13:00:00
476.833333,1305.2,2020-12-17 14:00:00
666.058333,1972.7,2020-12-17 15:00:00
717.558333,1790.0,2020-12-17 16:00:00
999.058333,1476.9,2020-12-17 17:00:00
1678.641667,1379.8,2020-12-17 18:00:00
2179.141667,2039.5,2020-12-17 19:00:00
2323.575,2304.0,2020-12-17 20:00:00
2391.808333,2295.1,2020-12-17 21:00:00
2461.791667,2416.8,2020-12-17 22:00:00
2465.05,2478.9,2020-12-17 23:00:00
2464.45,2492.9,2020-12-18 00:00:00
2445.3,2498.5,2020-12-18 01:00:00
2453.266667,2474.2,2020-12-18 02:00:00
2451.458333,2305.8,2020-12-18 03:00:00
1806.983333,2440.0,2020-12-18 04:00:00
1050.775,2278.5,2020-12-18 05:00:00
162.425,1847.7,2020-12-18 06:00:00
127.608333,2232.1,2020-12-18 07:00:00
85.966667,2328.3,2020-12-18 08:00:00
502.916667,2081.8,2020-12-18 09:00:00
865.275,2085.8,2020-12-18 10:00:00
871.566667,2259.2,2020-12-18 11:00:00
883.683333,2212.6,2020-12-18 12:00:00
897.55,2262.7,2020-12-18 13:00:00
963.433333,2114.8,2020-12-18 14:00:00
1073.466667,2241.5,2020-12-18 15:00:00
1177.483333,2208.7,2020-12-18 16:00:00
1280.233333,2163.7,2020-12-18 17:00:00
1383.65,1865.3,2020-12-18 18:00:00
1483.591667,1709.1,2020-12-18 19:00:00
1576.666667,782.3,2020-12-18 20:00:00
1477.466667,1044.8,2020-12-18 21:00:00
1132.066667,1412.2,2020-12-18 22:00:00
1560.95,1032.5,2020-12-18 23:00:00
1717.391667,1090.3,2020-12-19 00:00:00
1481.466667,987.4,2020-12-19 01:00:00
1435.408333,682.2,2020-12-19 02:00:00
1370.416667,509.9,2020-12-19 03:00:00
1450.325,458.5,2020-12-19 04:00:00
1533.766667,302.3,2020-12-19 05:00:00
1556.5,356.8,2020-12-19 06:00:00
1478.033333,664.6,2020-12-19 07:00:00
1364.441667,707.1,2020-12-19 08:00:00
1242.275,760.6,2020-12-19 09:00:00
970.341667,678.8,2020-12-19 10:00:00
806.208333,632.5,2020-12-19 11:00:00
516.866667,477.6,2020-12-19 12:00:00
326.541667,332.4,2020-12-19 13:00:00
282.1,252.1,2020-12-19 14:00:00
321.25,228.6,2020-12-19 15:00:00
225.116667,311.8,2020-12-19 16:00:00
167.483333,219.2,2020-12-19 17:00:00
96.008333,145.9,2020-12-19 18:00:00
97.033333,90.7,2020-12-19 19:00:00
103.058333,77.9,2020-12-19 20:00:00
108.241667,38.1,2020-12-19 21:00:00
86.5,43.5,2020-12-19 22:00:00
70.616667,40.0,2020-12-19 23:00:00
81.1,29.3,2020-12-20 00:00:00
103.533333,59.8,2020-12-20 01:00:00
130.891667,91.5,2020-12-20 02:00:00
208.025,111.8,2020-12-20 03:00:00
218.675,85.7,2020-12-20 04:00:00
231.091667,63.9,2020-12-20 05:00:00
254.233333,80.0,2020-12-20 06:00:00
248.625,77.2,2020-12-20 07:00:00
141.5,80.7,2020-12-20 08:00:00
75.008333,63.5,2020-12-20 09:00:00
45.883333,78.2,2020-12-20 10:00:00
46.808333,46.9,2020-12-20 11:00:00
53.091667,20.4,2020-12-20 12:00:00
60.475,25.7,2020-12-20 13:00:00
65.866667,15.0,2020-12-20 14:00:00
61.766667,29.4,2020-12-20 15:00:00
62.308333,37.6,2020-12-20 16:00:00
58.833333,100.2,2020-12-20 17:00:00
55.666667,126.3,2020-12-20 18:00:00
68.016667,236.6,2020-12-20 19:00:00
72.916667,296.7,2020-12-20 20:00:00
69.433333,240.8,2020-12-20 21:00:00
60.008333,136.3,2020-12-20 22:00:00
48.083333,101.0,2020-12-20 23:00:00
40.283333,82.5,2020-12-21 00:00:00
36.2,57.1,2020-12-21 01:00:00
33.016667,35.3,2020-12-21 02:00:00
29.666667,66.2,2020-12-21 03:00:00
35.2,68.3,2020-12-21 04:00:00
41.283333,74.3,2020-12-21 05:00:00
40.408333,97.7,2020-12-21 06:00:00
38.316667,104.8,2020-12-21 07:00:00
37.633333,99.2,2020-12-21 08:00:00
39.241667,86.2,2020-12-21 09:00:00
35.408333,90.4,2020-12-21 10:00:00
38.391667,51.3,2020-12-21 11:00:00
48.291667,28.3,2020-12-21 12:00:00
46.95,39.0,2020-12-21 13:00:00
49.125,36.8,2020-12-21 14:00:00
66.725,24.7,2020-12-21 15:00:00
85.641667,59.4,2020-12-21 16:00:00
59.116667,90.9,2020-12-21 17:00:00
41.55,93.3,2020-12-21 18:00:00
32.708333,227.2,2020-12-21 19:00:00
27.55,364.2,2020-12-21 20:00:00
30.025,292.6,2020-12-21 21:00:00
28.166667,236.5,2020-12-21 22:00:00
56.116667,169.0,2020-12-21 23:00:00
34.75,252.4,2020-12-22 00:00:00
21.183333,223.8,2020-12-22 01:00:00
21.008333,269.2,2020-12-22 02:00:00
18.241667,214.3,2020-12-22 03:00:00
20.8,199.3,2020-12-22 04:00:00
23.566667,208.8,2020-12-22 05:00:00
20.158333,211.5,2020-12-22 06:00:00
17.083333,190.7,2020-12-22 07:00:00
16.975,136.4,2020-12-22 08:00:00
26.05,88.6,2020-12-22 09:00:00
27.158333,70.3,2020-12-22 10:00:00
21.241667,75.2,2020-12-22 11:00:00
29.291667,25.9,2020-12-22 12:00:00
24.441667,10.5,2020-12-22 13:00:00
17.925,12.6,2020-12-22 14:00:00
15.791667,9.3,2020-12-22 15:00:00
17.183333,6.2,2020-12-22 16:00:00
24.525,13.1,2020-12-22 17:00:00
32.233333,24.0,2020-12-22 18:00:00
34.925,46.2,2020-12-22 19:00:00
24.783333,54.0,2020-12-22 20:00:00
18.5,32.2,2020-12-22 21:00:00
16.325,31.9,2020-12-22 22:00:00
17.25,11.7,2020-12-22 23:00:00
17.2,2.0,2020-12-23 00:00:00
17.566667,3.0,2020-12-23 01:00:00
15.866667,4.6,2020-12-23 02:00:00
16.291667,28.8,2020-12-23 03:00:00
16.808333,25.6,2020-12-23 04:00:00
19.975,25.7,2020-12-23 05:00:00
17.033333,27.0,2020-12-23 06:00:00
16.433333,14.5,2020-12-23 07:00:00
16.45,8.8,2020-12-23 08:00:00
16.733333,19.0,2020-12-23 09:00:00
16.208333,56.1,2020-12-23 10:00:00
16.383333,91.6,2020-12-23 11:00:00
18.958333,79.0,2020-12-23 12:00:00
18.375,48.7,2020-12-23 13:00:00
17.375,64.2,2020-12-23 14:00:00
16.733333,167.3,2020-12-23 15:00:00
16.625,481.1,2020-12-23 16:00:00
25.533333,984.9,2020-12-23 17:00:00
55.416667,1195.7,2020-12-23 18:00:00
133.658333,1307.9,2020-12-23 19:00:00
226.95,1341.0,2020-12-23 20:00:00
448.816667,1303.1,2020-12-23 21:00:00
801.125,1373.1,2020-12-23 22:00:00
1067.458333,1527.1,2020-12-23 23:00:00
1195.3,1610.0,2020-12-24 00:00:00
1176.15,1988.6,2020-12-24 01:00:00
1140.291667,2395.4,2020-12-24 02:00:00
1109.7,2352.9,2020-12-24 03:00:00
990.325,2021.6,2020-12-24 04:00:00
1138.966667,1959.0,2020-12-24 05:00:00
1716.833333,1882.8,2020-12-24 06:00:00
2128.808333,1848.4,2020-12-24 07:00:00
2123.1,2209.1,2020-12-24 08:00:00
1962.516667,1975.8,2020-12-24 09:00:00
2067.1,1879.8,2020-12-24 10:00:00
2115.875,1549.7,2020-12-24 11:00:00
2143.158333,1234.3,2020-12-24 12:00:00
2236.058333,1103.3,2020-12-24 13:00:00
2201.533333,584.8,2020-12-24 14:00:00
2155.491667,287.8,2020-12-24 15:00:00
2107.175,89.6,2020-12-24 16:00:00
2054.466667,656.4,2020-12-24 17:00:00
2003.591667,952.0,2020-12-24 18:00:00
1944.675,1073.7,2020-12-24 19:00:00
1884.558333,1114.7,2020-12-24 20:00:00
1608.708333,1131.7,2020-12-24 21:00:00
1732.8,462.2,2020-12-24 22:00:00
2042.958333,611.1,2020-12-24 23:00:00
2365.325,854.5,2020-12-25 00:00:00
2378.65,833.4,2020-12-25 01:00:00
2380.083333,851.0,2020-12-25 02:00:00
2386.475,670.2,2020-12-25 03:00:00
2231.583333,714.2,2020-12-25 04:00:00
1823.033333,297.1,2020-12-25 05:00:00
1309.566667,83.4,2020-12-25 06:00:00
630.675,221.8,2020-12-25 07:00:00
359.325,411.4,2020-12-25 08:00:00
156.216667,444.9,2020-12-25 09:00:00
94.166667,302.2,2020-12-25 10:00:00
99.65,150.2,2020-12-25 11:00:00
98.425,112.6,2020-12-25 12:00:00
50.025,92.4,2020-12-25 13:00:00
20.341667,42.3,2020-12-25 14:00:00
18.625,16.7,2020-12-25 15:00:00
26.608333,3.9,2020-12-25 16:00:00
53.141667,5.3,2020-12-25 17:00:00
119.383333,10.9,2020-12-25 18:00:00
153.916667,81.0,2020-12-25 19:00:00
158.016667,124.5,2020-12-25 20:00:00
147.875,202.5,2020-12-25 21:00:00
152.808333,374.5,2020-12-25 22:00:00
222.375,525.7,2020-12-25 23:00:00
290.1,426.2,2020-12-26 00:00:00
376.508333,638.7,2020-12-26 01:00:00
421.508333,968.3,2020-12-26 02:00:00
545.525,1026.9,2020-12-26 03:00:00
626.591667,1302.4,2020-12-26 04:00:00
986.858333,1365.8,2020-12-26 05:00:00
1670.491667,1490.1,2020-12-26 06:00:00
1621.95,1773.4,2020-12-26 07:00:00
1595.466667,1741.1,2020-12-26 08:00:00
1675.15,1732.5,2020-12-26 09:00:00
1548.008333,1754.7,2020-12-26 10:00:00
1457.55,1363.3,2020-12-26 11:00:00
1657.666667,1542.9,2020-12-26 12:00:00
1992.283333,1645.3,2020-12-26 13:00:00
2066.683333,2015.2,2020-12-26 14:00:00
1885.275,2199.2,2020-12-26 15:00:00
1731.733333,1924.6,2020-12-26 16:00:00
1733.675,1904.6,2020-12-26 17:00:00
1606.091667,1884.0,2020-12-26 18:00:00
1447.958333,1861.9,2020-12-26 19:00:00
1449.966667,1672.5,2020-12-26 20:00:00
1372.641667,1567.1,2020-12-26 21:00:00
1175.133333,1403.4,2020-12-26 22:00:00
1053.383333,1261.9,2020-12-26 23:00:00
901.533333,1161.0,2020-12-27 00:00:00
731.35,1011.5,2020-12-27 01:00:00
476.425,870.1,2020-12-27 02:00:00
344.358333,691.0,2020-12-27 03:00:00
228.233333,496.7,2020-12-27 04:00:00
116.666667,248.3,2020-12-27 05:00:00
48.691667,75.7,2020-12-27 06:00:00
25.333333,69.9,2020-12-27 07:00:00
30.65,130.9,2020-12-27 08:00:00
42.216667,294.9,2020-12-27 09:00:00
82.158333,455.4,2020-12-27 10:00:00
122.883333,576.8,2020-12-27 11:00:00
141.891667,469.5,2020-12-27 12:00:00
286.416667,469.6,2020-12-27 13:00:00
550.066667,592.8,2020-12-27 14:00:00
842.025,694.3,2020-12-27 15:00:00
1199.583333,991.0,2020-12-27 16:00:00
1414.183333,1589.6,2020-12-27 17:00:00
1601.875,1778.7,2020-12-27 18:00:00
2033.55,2024.1,2020-12-27 19:00:00
2320.833333,2364.1,2020-12-27 20:00:00
2291.483333,2472.0,2020-12-27 21:00:00
2051.583333,2376.5,2020-12-27 22:00:00
1682.316667,2059.1,2020-12-27 23:00:00
1820.3,1843.6,2020-12-28 00:00:00
2194.358333,2019.7,2020-12-28 01:00:00
2351.516667,2203.0,2020-12-28 02:00:00
2324.058333,2345.3,2020-12-28 03:00:00
2390.641667,2319.1,2020-12-28 04:00:00
2405.2,2406.6,2020-12-28 05:00:00
2417.75,2189.0,2020-12-28 06:00:00
2318.25,2116.6,2020-12-28 07:00:00
2080.833333,2272.7,2020-12-28 08:00:00
1738.108333,2115.4,2020-12-28 09:00:00
1312.083333,1654.2,2020-12-28 10:00:00
1084.041667,1194.5,2020-12-28 11:00:00
903.225,1206.5,2020-12-28 12:00:00
918.791667,1220.4,2020-12-28 13:00:00
890.316667,1354.8,2020-12-28 14:00:00
722.683333,1318.5,2020-12-28 15:00:00
521.108333,1131.0,2020-12-28 16:00:00
385.541667,228.1,2020-12-28 17:00:00
219.941667,240.3,2020-12-28 18:00:00
62.341667,196.8,2020-12-28 19:00:00
19.341667,82.2,2020-12-28 20:00:00
15.866667,35.9,2020-12-28 21:00:00
15.683333,7.5,2020-12-28 22:00:00
17.833333,14.0,2020-12-28 23:00:00
20.433333,32.7,2020-12-29 00:00:00
25.55,26.7,2020-12-29 01:00:00
31.75,6.7,2020-12-29 02:00:00
35.558333,5.1,2020-12-29 03:00:00
45.366667,4.2,2020-12-29 04:00:00
76.616667,5.6,2020-12-29 05:00:00
85.958333,10.4,2020-12-29 06:00:00
62.966667,37.5,2020-12-29 07:00:00
48.675,59.3,2020-12-29 08:00:00
35.758333,70.9,2020-12-29 09:00:00
50.383333,65.3,2020-12-29 10:00:00
81.625,60.2,2020-12-29 11:00:00
64.083333,105.4,2020-12-29 12:00:00
70.675,83.9,2020-12-29 13:00:00
263.8,59.8,2020-12-29 14:00:00
147.325,95.1,2020-12-29 15:00:00
180.658333,109.0,2020-12-29 16:00:00
209.116667,383.2,2020-12-29 17:00:00
325.916667,641.7,2020-12-29 18:00:00
488.758333,821.8,2020-12-29 19:00:00
523.783333,970.3,2020-12-29 20:00:00
681.108333,993.3,2020-12-29 21:00:00
717.158333,864.4,2020-12-29 22:00:00
687.166667,1114.9,2020-12-29 23:00:00
817.866667,1090.8,2020-12-30 00:00:00
623.8,1157.4,2020-12-30 01:00:00
571.725,1432.9,2020-12-30 02:00:00
639.358333,1498.0,2020-12-30 03:00:00
956.083333,1489.6,2020-12-30 04:00:00
1193.891667,1564.9,2020-12-30 05:00:00
1220.958333,1749.0,2020-12-30 06:00:00
1354.283333,1405.7,2020-12-30 07:00:00
1441.05,1858.3,2020-12-30 08:00:00
1884.575,1953.0,2020-12-30 09:00:00
1810.408333,1624.2,2020-12-30 10:00:00
1720.3,1886.0,2020-12-30 11:00:00
1570.825,1877.9,2020-12-30 12:00:00
1506.566667,2018.7,2020-12-30 13:00:00
1669.05,1953.6,2020-12-30 14:00:00
1645.625,2263.2,2020-12-30 15:00:00
1648.808333,2237.4,2020-12-30 16:00:00
1692.558333,1925.2,2020-12-30 17:00:00
1672.033333,2213.9,2020-12-30 18:00:00
1764.775,2228.6,2020-12-30 19:00:00
1863.208333,2336.4,2020-12-30 20:00:00
1981.191667,2221.8,2020-12-30 21:00:00
1938.675,2032.6,2020-12-30 22:00:00
2013.975,2141.3,2020-12-30 23:00:00
2181.358333,2196.0,2020-12-31 00:00:00
2030.391667,2290.3,2020-12-31 01:00:00
1671.125,2080.5,2020-12-31 02:00:00
1368.35,1779.3,2020-12-31 03:00:00
1155.941667,1728.9,2020-12-31 04:00:00
872.541667,1633.4,2020-12-31 05:00:00
689.958333,1450.0,2020-12-31 06:00:00
668.65,1363.4,2020-12-31 07:00:00
677.641667,1435.2,2020-12-31 08:00:00
666.3,1423.0,2020-12-31 09:00:00
730.35,853.2,2020-12-31 10:00:00
472.725,171.2,2020-12-31 11:00:00
239.641667,56.2,2020-12-31 12:00:00
182.05,28.1,2020-12-31 13:00:00
233.166667,39.9,2020-12-31 14:00:00
253.808333,33.6,2020-12-31 15:00:00
294.483333,39.2,2020-12-31 16:00:00
277.533333,244.2,2020-12-31 17:00:00
190.891667,365.8,2020-12-31 18:00:00
149.875,357.6,2020-12-31 19:00:00
218.691667,329.2,2020-12-31 20:00:00
182.266667,367.1,2020-12-31 21:00:00
204.416667,377.7,2020-12-31 22:00:00
257.716667,366.0,2020-12-31 23:00:00
