target,horizon,model,dimension,slice,samples,MAE
load,1,linear_regression,hour,0,184,43.853628350233116
load,1,linear_regression,month,5,744,104.09832881513347
load,1,linear_regression,output_quartile,low_output,1105,72.44385809146581
load,1,linear_regression,hour,1,184,75.66143855174369
load,1,linear_regression,hour,2,184,85.28197222579864
load,1,linear_regression,hour,3,184,78.89415493778591
load,1,linear_regression,hour,4,184,93.65231943841042
load,1,linear_regression,hour,5,184,86.53098103094644
load,1,linear_regression,hour,6,184,68.89895362904133
load,1,linear_regression,hour,7,184,51.05769384680848
load,1,linear_regression,hour,8,184,31.3425670728143
load,1,linear_regression,hour,9,184,42.39160313039115
load,1,linear_regression,output_quartile,middle_output,2207,72.2359422403868
load,1,linear_regression,hour,10,184,48.72905128905945
load,1,linear_regression,hour,11,184,68.04836050635804
load,1,linear_regression,hour,12,184,76.69118140782818
load,1,linear_regression,hour,13,184,100.2879088624098
load,1,linear_regression,hour,14,184,89.0703478443557
load,1,linear_regression,hour,15,184,74.89660440690443
load,1,linear_regression,hour,16,184,64.91767074702555
load,1,linear_regression,hour,17,184,86.6893317469155
load,1,linear_regression,hour,18,184,144.35610426137606
load,1,linear_regression,hour,19,184,179.72562807074283
load,1,linear_regression,hour,20,184,90.38596520384566
load,1,linear_regression,hour,21,184,105.35743639204722
load,1,linear_regression,hour,22,184,62.93282444481798
load,1,linear_regression,hour,23,184,34.9991133719938
load,1,linear_regression,output_quartile,high_output,1104,97.19287589312762
load,1,linear_regression,target_condition,higher_demand_q4,1104,97.19287589312762
load,1,linear_regression,month,6,720,95.03149718740367
load,1,linear_regression,month,7,744,81.53986595641089
load,1,linear_regression,month,8,744,73.7468744078609
load,1,linear_regression,month,9,720,59.048474232636345
load,1,linear_regression,month,10,744,57.60222017434131
load,1,ridge,hour,0,184,43.94706767532204
load,1,ridge,month,5,744,104.22633332406994
load,1,ridge,output_quartile,low_output,1105,72.56537885959601
load,1,ridge,hour,1,184,75.85064628510271
load,1,ridge,hour,2,184,85.47409706497436
load,1,ridge,hour,3,184,79.10095026871537
load,1,ridge,hour,4,184,93.74360404960467
load,1,ridge,hour,5,184,86.70437626252593
load,1,ridge,hour,6,184,68.69174004355308
load,1,ridge,hour,7,184,50.863662994267386
load,1,ridge,hour,8,184,31.414866923683142
load,1,ridge,hour,9,184,42.78576049662299
load,1,ridge,output_quartile,middle_output,2207,72.30661262467943
load,1,ridge,hour,10,184,48.8931216154553
load,1,ridge,hour,11,184,68.32365775697049
load,1,ridge,hour,12,184,76.91437328176781
load,1,ridge,hour,13,184,100.45882739433772
load,1,ridge,hour,14,184,89.15830430461625
load,1,ridge,hour,15,184,75.10908647403903
load,1,ridge,hour,16,184,65.25108540634383
load,1,ridge,hour,17,184,86.74924757165064
load,1,ridge,hour,18,184,144.26079732759038
load,1,ridge,hour,19,184,179.88390379531614
load,1,ridge,hour,20,184,90.43932378735285
load,1,ridge,hour,21,184,105.36063761502504
load,1,ridge,hour,22,184,63.07191478886252
load,1,ridge,hour,23,184,34.96348429746729
load,1,ridge,output_quartile,high_output,1104,97.3902510815341
load,1,ridge,target_condition,higher_demand_q4,1104,97.3902510815341
load,1,ridge,month,6,720,95.14124127447721
load,1,ridge,month,7,744,81.57871585627639
load,1,ridge,month,8,744,73.85585477781689
load,1,ridge,month,9,720,59.295822416205674
load,1,ridge,month,10,744,57.66381249243228
load,1,random_forest,hour,0,184,79.77809490080669
load,1,random_forest,month,5,744,313.906010606746
load,1,random_forest,output_quartile,low_output,1105,83.52172811689464
load,1,random_forest,hour,1,184,80.54308592521038
load,1,random_forest,hour,2,184,86.99294102393284
load,1,random_forest,hour,3,184,95.17372214913243
load,1,random_forest,hour,4,184,110.61589679763449
load,1,random_forest,hour,5,184,114.68445397174283
load,1,random_forest,hour,6,184,135.04118323622842
load,1,random_forest,hour,7,184,105.14420119611208
load,1,random_forest,hour,8,184,131.3359538929325
load,1,random_forest,hour,9,184,156.54404060239656
load,1,random_forest,output_quartile,middle_output,2207,149.93415051982504
load,1,random_forest,hour,10,184,160.46649236105165
load,1,random_forest,hour,11,184,174.54419662730206
load,1,random_forest,hour,12,184,202.72073652014905
load,1,random_forest,hour,13,184,235.02757838020506
load,1,random_forest,hour,14,184,278.44976249231
load,1,random_forest,hour,15,184,292.88801528782517
load,1,random_forest,hour,16,184,291.92644970691646
load,1,random_forest,hour,17,184,269.5003769579131
load,1,random_forest,hour,18,184,218.66048305684598
load,1,random_forest,hour,19,184,186.06919893127028
load,1,random_forest,hour,20,184,143.31145350387186
load,1,random_forest,hour,21,184,142.23720935532015
load,1,random_forest,hour,22,184,106.33350543997655
load,1,random_forest,hour,23,184,75.24831072973933
load,1,random_forest,output_quartile,high_output,1104,262.2096841976391
load,1,random_forest,target_condition,higher_demand_q4,1104,262.2096841976391
load,1,random_forest,month,6,720,159.83643009024124
load,1,random_forest,month,7,744,226.58666288261736
load,1,random_forest,month,8,744,109.61777425846158
load,1,random_forest,month,9,720,80.69072048623391
load,1,random_forest,month,10,744,75.01874943705928
load,1,extra_trees,hour,0,184,80.94372556224705
load,1,extra_trees,month,5,744,319.2330625394049
load,1,extra_trees,output_quartile,low_output,1105,81.57254894082577
load,1,extra_trees,hour,1,184,85.01222929115224
load,1,extra_trees,hour,2,184,89.42589513719138
load,1,extra_trees,hour,3,184,87.37685462421659
load,1,extra_trees,hour,4,184,93.60801417569898
load,1,extra_trees,hour,5,184,93.64993321570087
load,1,extra_trees,hour,6,184,111.00960821586541
load,1,extra_trees,hour,7,184,98.88033359009943
load,1,extra_trees,hour,8,184,124.4976880510668
load,1,extra_trees,hour,9,184,152.6375768147591
load,1,extra_trees,output_quartile,middle_output,2207,145.88740998685478
load,1,extra_trees,hour,10,184,169.40485185247132
load,1,extra_trees,hour,11,184,197.18520983742633
load,1,extra_trees,hour,12,184,229.48697692570497
load,1,extra_trees,hour,13,184,271.734718798959
load,1,extra_trees,hour,14,184,311.60951853143456
load,1,extra_trees,hour,15,184,327.3108590505144
load,1,extra_trees,hour,16,184,311.97402332358155
load,1,extra_trees,hour,17,184,267.6654507285417
load,1,extra_trees,hour,18,184,227.2275011048105
load,1,extra_trees,hour,19,184,193.14584863813525
load,1,extra_trees,hour,20,184,150.83261362387066
load,1,extra_trees,hour,21,184,135.14807613333917
load,1,extra_trees,hour,22,184,104.22004306979726
load,1,extra_trees,hour,23,184,78.70627204487782
load,1,extra_trees,output_quartile,high_output,1104,292.159857690424
load,1,extra_trees,target_condition,higher_demand_q4,1104,292.159857690424
load,1,extra_trees,month,6,720,195.7960342856653
load,1,extra_trees,month,7,744,221.67626307958741
load,1,extra_trees,month,8,744,101.78849775309526
load,1,extra_trees,month,9,720,89.76855519782619
load,1,extra_trees,month,10,744,68.38975577134683
load,1,hist_gradient_boosting,hour,0,184,73.16570041739837
load,1,hist_gradient_boosting,month,5,744,304.9624242281556
load,1,hist_gradient_boosting,output_quartile,low_output,1105,70.82733806384573
load,1,hist_gradient_boosting,hour,1,184,64.38864418640468
load,1,hist_gradient_boosting,hour,2,184,60.8726682262762
load,1,hist_gradient_boosting,hour,3,184,80.83890344838947
load,1,hist_gradient_boosting,hour,4,184,92.77443344064766
load,1,hist_gradient_boosting,hour,5,184,79.37385314993315
load,1,hist_gradient_boosting,hour,6,184,107.67430933830545
load,1,hist_gradient_boosting,hour,7,184,107.68610569440095
load,1,hist_gradient_boosting,hour,8,184,112.86649161040013
load,1,hist_gradient_boosting,hour,9,184,133.0544859623415
load,1,hist_gradient_boosting,output_quartile,middle_output,2207,139.22777289654908
load,1,hist_gradient_boosting,hour,10,184,143.584851959694
load,1,hist_gradient_boosting,hour,11,184,173.46785987163676
load,1,hist_gradient_boosting,hour,12,184,194.25645367157972
load,1,hist_gradient_boosting,hour,13,184,236.50971677779842
load,1,hist_gradient_boosting,hour,14,184,267.8577340939325
load,1,hist_gradient_boosting,hour,15,184,285.58856741911137
load,1,hist_gradient_boosting,hour,16,184,283.05034304664156
load,1,hist_gradient_boosting,hour,17,184,290.2940746426512
load,1,hist_gradient_boosting,hour,18,184,247.681426207813
load,1,hist_gradient_boosting,hour,19,184,192.4045836854955
load,1,hist_gradient_boosting,hour,20,184,163.18649894802914
load,1,hist_gradient_boosting,hour,21,184,144.35952182158536
load,1,hist_gradient_boosting,hour,22,184,111.58818884798828
load,1,hist_gradient_boosting,hour,23,184,79.40296497400354
load,1,hist_gradient_boosting,output_quartile,high_output,1104,271.76713663240844
load,1,hist_gradient_boosting,target_condition,higher_demand_q4,1104,271.76713663240844
load,1,hist_gradient_boosting,month,6,720,173.78497175040553
load,1,hist_gradient_boosting,month,7,744,207.15598388420858
load,1,hist_gradient_boosting,month,8,744,102.166734219072
load,1,hist_gradient_boosting,month,9,720,75.10790729885777
load,1,hist_gradient_boosting,month,10,744,66.31694002063732
load,24,linear_regression,hour,0,184,219.69387583528342
load,24,linear_regression,month,5,744,305.5933826220273
load,24,linear_regression,output_quartile,low_output,1105,237.64314178804517
load,24,linear_regression,hour,1,184,217.7182789836056
load,24,linear_regression,hour,2,184,213.7026083732308
load,24,linear_regression,hour,3,184,206.31121303246863
load,24,linear_regression,hour,4,184,205.94183376954626
load,24,linear_regression,hour,5,184,237.5093939746925
load,24,linear_regression,hour,6,184,261.88457125396684
load,24,linear_regression,hour,7,184,271.57298969287456
load,24,linear_regression,hour,8,184,267.62566052371574
load,24,linear_regression,hour,9,184,277.35150588096366
load,24,linear_regression,output_quartile,middle_output,2207,254.07166011429996
load,24,linear_regression,hour,10,184,286.7685891833403
load,24,linear_regression,hour,11,184,301.94255275101625
load,24,linear_regression,hour,12,184,316.7531797809723
load,24,linear_regression,hour,13,184,330.09984999127374
load,24,linear_regression,hour,14,184,335.65178573017084
load,24,linear_regression,hour,15,184,331.339669115509
load,24,linear_regression,hour,16,184,308.6002956256712
load,24,linear_regression,hour,17,184,275.98426642623156
load,24,linear_regression,hour,18,184,251.20819347399748
load,24,linear_regression,hour,19,184,242.16901559799146
load,24,linear_regression,hour,20,184,229.66167142815124
load,24,linear_regression,hour,21,184,223.07822227247692
load,24,linear_regression,hour,22,184,217.41810970369048
load,24,linear_regression,hour,23,184,211.67291446301334
load,24,linear_regression,output_quartile,high_output,1104,294.5051266982783
load,24,linear_regression,target_condition,higher_demand_q4,1104,294.5051266982783
load,24,linear_regression,month,6,720,256.342660586654
load,24,linear_regression,month,7,744,209.3479344622794
load,24,linear_regression,month,8,744,269.9657045598574
load,24,linear_regression,month,9,720,337.6572142692767
load,24,linear_regression,month,10,744,183.8907949239529
load,24,ridge,hour,0,184,219.48976976365523
load,24,ridge,month,5,744,305.745320260696
load,24,ridge,output_quartile,low_output,1105,237.45725786197005
load,24,ridge,hour,1,184,217.49492615337547
load,24,ridge,hour,2,184,213.44080159984657
load,24,ridge,hour,3,184,206.0351996068987
load,24,ridge,hour,4,184,205.6414992089383
load,24,ridge,hour,5,184,237.2265951415988
load,24,ridge,hour,6,184,261.63417994358036
load,24,ridge,hour,7,184,271.37829954526546
load,24,ridge,hour,8,184,267.46743392306723
load,24,ridge,hour,9,184,277.3243811581305
load,24,ridge,output_quartile,middle_output,2207,254.11153455573788
load,24,ridge,hour,10,184,286.8079127692033
load,24,ridge,hour,11,184,301.99442668537546
load,24,ridge,hour,12,184,317.0060155442785
load,24,ridge,hour,13,184,330.4768709993109
load,24,ridge,hour,14,184,336.013733433205
load,24,ridge,hour,15,184,331.6060315978508
load,24,ridge,hour,16,184,308.88854936744866
load,24,ridge,hour,17,184,276.2490366862965
load,24,ridge,hour,18,184,251.45602258563153
load,24,ridge,hour,19,184,242.32820680201456
load,24,ridge,hour,20,184,229.71551033159417
load,24,ridge,hour,21,184,222.98140416394247
load,24,ridge,hour,22,184,217.26501929995698
load,24,ridge,hour,23,184,211.5197977394927
load,24,ridge,output_quartile,high_output,1104,294.5750290971032
load,24,ridge,target_condition,higher_demand_q4,1104,294.5750290971032
load,24,ridge,month,6,720,256.2587508199377
load,24,ridge,month,7,744,209.1908183434214
load,24,ridge,month,8,744,270.0204236979745
load,24,ridge,month,9,720,337.62743950731834
load,24,ridge,month,10,744,183.89720354410167
load,24,random_forest,hour,0,184,128.7632419474808
load,24,random_forest,month,5,744,403.0579502411669
load,24,random_forest,output_quartile,low_output,1105,127.23573831018582
load,24,random_forest,hour,1,184,120.86741852635477
load,24,random_forest,hour,2,184,121.22983735056968
load,24,random_forest,hour,3,184,121.18983107966031
load,24,random_forest,hour,4,184,129.1738468459976
load,24,random_forest,hour,5,184,148.99009047077223
load,24,random_forest,hour,6,184,158.31285285228634
load,24,random_forest,hour,7,184,184.5239994383819
load,24,random_forest,hour,8,184,225.88732506550932
load,24,random_forest,hour,9,184,299.8131772440087
load,24,random_forest,output_quartile,middle_output,2207,279.13974450884064
load,24,random_forest,hour,10,184,387.82475305404597
load,24,random_forest,hour,11,184,470.8410439416425
load,24,random_forest,hour,12,184,529.491876086827
load,24,random_forest,hour,13,184,589.8563154340816
load,24,random_forest,hour,14,184,636.4706599775224
load,24,random_forest,hour,15,184,651.7284718780815
load,24,random_forest,hour,16,184,608.0572853178762
load,24,random_forest,hour,17,184,520.0651143413667
load,24,random_forest,hour,18,184,430.0331764703813
load,24,random_forest,hour,19,184,413.19625313321313
load,24,random_forest,hour,20,184,330.56495942076964
load,24,random_forest,hour,21,184,229.79336127331567
load,24,random_forest,hour,22,184,175.10867066023823
load,24,random_forest,hour,23,184,144.77054636245063
load,24,random_forest,output_quartile,high_output,1104,607.3813849094519
load,24,random_forest,target_condition,higher_demand_q4,1104,607.3813849094519
load,24,random_forest,month,6,720,618.5723281761456
load,24,random_forest,month,7,744,304.88739994746834
load,24,random_forest,month,8,744,258.5961763534752
load,24,random_forest,month,9,720,236.46662869453496
load,24,random_forest,month,10,744,124.28899356126524
load,24,extra_trees,hour,0,184,132.96535704332695
load,24,extra_trees,month,5,744,414.5173331369569
load,24,extra_trees,output_quartile,low_output,1105,126.2183913232731
load,24,extra_trees,hour,1,184,124.19990559149731
load,24,extra_trees,hour,2,184,123.26712385806889
load,24,extra_trees,hour,3,184,118.4070657821387
load,24,extra_trees,hour,4,184,119.27367252425812
load,24,extra_trees,hour,5,184,129.94285630204706
load,24,extra_trees,hour,6,184,153.59493775925066
load,24,extra_trees,hour,7,184,180.34444990713342
load,24,extra_trees,hour,8,184,219.6009644701994
load,24,extra_trees,hour,9,184,279.25298772231594
load,24,extra_trees,output_quartile,middle_output,2207,269.6605563669612
load,24,extra_trees,hour,10,184,359.6977505847386
load,24,extra_trees,hour,11,184,443.49810109535736
load,24,extra_trees,hour,12,184,519.6170353252228
load,24,extra_trees,hour,13,184,593.5450992393519
load,24,extra_trees,hour,14,184,641.5750752278472
load,24,extra_trees,hour,15,184,658.6350224645191
load,24,extra_trees,hour,16,184,619.8081739764777
load,24,extra_trees,hour,17,184,516.8288702389211
load,24,extra_trees,hour,18,184,425.6735388412241
load,24,extra_trees,hour,19,184,401.40256712299663
load,24,extra_trees,hour,20,184,319.75471271246596
load,24,extra_trees,hour,21,184,227.2412377727833
load,24,extra_trees,hour,22,184,167.59813835910455
load,24,extra_trees,hour,23,184,146.95923580311452
load,24,extra_trees,output_quartile,high_output,1104,605.0377387275201
load,24,extra_trees,target_condition,higher_demand_q4,1104,605.0377387275201
load,24,extra_trees,month,6,720,570.3847772884073
load,24,extra_trees,month,7,744,298.87175020079223
load,24,extra_trees,month,8,744,259.8265940214371
load,24,extra_trees,month,9,720,243.56359013618393
load,24,extra_trees,month,10,744,124.27223839830948
load,24,hist_gradient_boosting,hour,0,184,169.01900072226087
load,24,hist_gradient_boosting,month,5,744,418.03323898984195
load,24,hist_gradient_boosting,output_quartile,low_output,1105,155.63915805902565
load,24,hist_gradient_boosting,hour,1,184,158.6917304066168
load,24,hist_gradient_boosting,hour,2,184,153.02539440045732
load,24,hist_gradient_boosting,hour,3,184,152.33793443323773
load,24,hist_gradient_boosting,hour,4,184,144.25915968886827
load,24,hist_gradient_boosting,hour,5,184,161.39080392841484
load,24,hist_gradient_boosting,hour,6,184,193.34880169439475
load,24,hist_gradient_boosting,hour,7,184,205.00752644523416
load,24,hist_gradient_boosting,hour,8,184,250.12220194357866
load,24,hist_gradient_boosting,hour,9,184,307.8795679180289
load,24,hist_gradient_boosting,output_quartile,middle_output,2207,309.0672312131176
load,24,hist_gradient_boosting,hour,10,184,379.9337545850212
load,24,hist_gradient_boosting,hour,11,184,443.6432649684761
load,24,hist_gradient_boosting,hour,12,184,501.5207680418619
load,24,hist_gradient_boosting,hour,13,184,569.0862167622024
load,24,hist_gradient_boosting,hour,14,184,624.6947184396524
load,24,hist_gradient_boosting,hour,15,184,643.7815410285721
load,24,hist_gradient_boosting,hour,16,184,624.0221503009643
load,24,hist_gradient_boosting,hour,17,184,536.2424714295478
load,24,hist_gradient_boosting,hour,18,184,450.00715914138965
load,24,hist_gradient_boosting,hour,19,184,415.35425639516706
load,24,hist_gradient_boosting,hour,20,184,353.6903621905818
load,24,hist_gradient_boosting,hour,21,184,270.62711257446597
load,24,hist_gradient_boosting,hour,22,184,222.74343637857245
load,24,hist_gradient_boosting,hour,23,184,201.7160544268443
load,24,hist_gradient_boosting,output_quartile,high_output,1104,581.7229189260851
load,24,hist_gradient_boosting,target_condition,higher_demand_q4,1104,581.7229189260851
load,24,hist_gradient_boosting,month,6,720,692.5419332859674
load,24,hist_gradient_boosting,month,7,744,271.24804501044355
load,24,hist_gradient_boosting,month,8,744,242.51328439085884
load,24,hist_gradient_boosting,month,9,720,279.66146709509326
load,24,hist_gradient_boosting,month,10,744,138.5391724188129
wind,1,linear_regression,hour,0,184,84.669210828279
wind,1,linear_regression,month,5,744,83.4945650426086
wind,1,linear_regression,output_quartile,low_output,1105,23.0939407722506
wind,1,linear_regression,target_condition,low_generation_q1,1105,23.0939407722506
wind,1,linear_regression,hour,1,184,84.45279013559777
wind,1,linear_regression,hour,2,184,78.5593018058041
wind,1,linear_regression,hour,3,184,69.43451529461532
wind,1,linear_regression,hour,4,184,61.411244304054584
wind,1,linear_regression,hour,5,184,62.73507404243126
wind,1,linear_regression,output_quartile,middle_output,2207,70.27442286464262
wind,1,linear_regression,target_condition,middle_generation,2207,70.27442286464262
wind,1,linear_regression,hour,6,184,74.31701642035169
wind,1,linear_regression,hour,7,184,65.48727425273414
wind,1,linear_regression,hour,8,184,59.59304251185411
wind,1,linear_regression,hour,9,184,56.42781296732636
wind,1,linear_regression,hour,10,184,49.55403212662569
wind,1,linear_regression,hour,11,184,49.56832534307123
wind,1,linear_regression,hour,12,184,41.20021051829416
wind,1,linear_regression,hour,13,184,42.94300990128169
wind,1,linear_regression,hour,14,184,51.09283884619733
wind,1,linear_regression,hour,15,184,62.0627877861749
wind,1,linear_regression,hour,16,184,70.89129197505673
wind,1,linear_regression,hour,17,184,80.2217777592593
wind,1,linear_regression,hour,18,184,84.56759803817368
wind,1,linear_regression,hour,19,184,114.39252647697947
wind,1,linear_regression,hour,20,184,94.03828675711127
wind,1,linear_regression,hour,21,184,98.0614585008534
wind,1,linear_regression,hour,22,184,100.45112973544155
wind,1,linear_regression,hour,23,184,80.85155279083898
wind,1,linear_regression,output_quartile,high_output,1104,122.5639676287897
wind,1,linear_regression,target_condition,high_generation_q4,1104,122.5639676287897
wind,1,linear_regression,month,6,720,73.46746662286151
wind,1,linear_regression,month,7,744,63.488835683059634
wind,1,linear_regression,month,8,744,63.31498200275573
wind,1,linear_regression,month,9,720,69.15104200861683
wind,1,linear_regression,month,10,744,76.31418429190215
wind,1,ridge,hour,0,184,84.71426558208715
wind,1,ridge,month,5,744,83.51211287672004
wind,1,ridge,output_quartile,low_output,1105,23.168594996389906
wind,1,ridge,target_condition,low_generation_q1,1105,23.168594996389906
wind,1,ridge,hour,1,184,84.52125259186185
wind,1,ridge,hour,2,184,78.57031443121373
wind,1,ridge,hour,3,184,69.44622256917864
wind,1,ridge,hour,4,184,61.429712220949746
wind,1,ridge,hour,5,184,62.74960224563668
wind,1,ridge,output_quartile,middle_output,2207,70.29184169044116
wind,1,ridge,target_condition,middle_generation,2207,70.29184169044116
wind,1,ridge,hour,6,184,74.32776195524985
wind,1,ridge,hour,7,184,65.48610198278678
wind,1,ridge,hour,8,184,59.559212032868345
wind,1,ridge,hour,9,184,56.43255742585825
wind,1,ridge,hour,10,184,49.59121713658695
wind,1,ridge,hour,11,184,49.6026642369981
wind,1,ridge,hour,12,184,41.23011897127784
wind,1,ridge,hour,13,184,42.99938741972159
wind,1,ridge,hour,14,184,51.121796190046275
wind,1,ridge,hour,15,184,62.10764862417655
wind,1,ridge,hour,16,184,70.94052644894683
wind,1,ridge,hour,17,184,80.28421338185215
wind,1,ridge,hour,18,184,84.58121232346663
wind,1,ridge,hour,19,184,114.45600888270383
wind,1,ridge,hour,20,184,94.11192404874056
wind,1,ridge,hour,21,184,98.06384272048089
wind,1,ridge,hour,22,184,100.50045107538234
wind,1,ridge,hour,23,184,80.94141373811486
wind,1,ridge,output_quartile,high_output,1104,122.58531042902517
wind,1,ridge,target_condition,high_generation_q4,1104,122.58531042902517
wind,1,ridge,month,6,720,73.5325083529269
wind,1,ridge,month,7,744,63.51863988933026
wind,1,ridge,month,8,744,63.338247903367765
wind,1,ridge,month,9,720,69.18598125217804
wind,1,ridge,month,10,744,76.34102927652651
wind,1,random_forest,hour,0,184,87.37648495722347
wind,1,random_forest,month,5,744,89.70807331436657
wind,1,random_forest,output_quartile,low_output,1105,16.55325982576355
wind,1,random_forest,target_condition,low_generation_q1,1105,16.55325982576355
wind,1,random_forest,hour,1,184,88.08919775792761
wind,1,random_forest,hour,2,184,91.9051346232286
wind,1,random_forest,hour,3,184,70.80600639488462
wind,1,random_forest,hour,4,184,69.09214437335099
wind,1,random_forest,hour,5,184,68.29487256339921
wind,1,random_forest,output_quartile,middle_output,2207,76.4690359347818
wind,1,random_forest,target_condition,middle_generation,2207,76.4690359347818
wind,1,random_forest,hour,6,184,78.03482842745548
wind,1,random_forest,hour,7,184,87.05370795064701
wind,1,random_forest,hour,8,184,67.96842148311678
wind,1,random_forest,hour,9,184,61.476430195872716
wind,1,random_forest,hour,10,184,54.41530777329192
wind,1,random_forest,hour,11,184,56.61477924742242
wind,1,random_forest,hour,12,184,51.55750713727786
wind,1,random_forest,hour,13,184,48.64743427841641
wind,1,random_forest,hour,14,184,50.943068553171614
wind,1,random_forest,hour,15,184,62.63523547908249
wind,1,random_forest,hour,16,184,71.57880053325536
wind,1,random_forest,hour,17,184,82.3320973896234
wind,1,random_forest,hour,18,184,82.2168850130279
wind,1,random_forest,hour,19,184,116.63724897966814
wind,1,random_forest,hour,20,184,84.51498325736814
wind,1,random_forest,hour,21,184,88.04073531588122
wind,1,random_forest,hour,22,184,97.80934834169939
wind,1,random_forest,hour,23,184,85.9464698123888
wind,1,random_forest,output_quartile,high_output,1104,131.22746148078372
wind,1,random_forest,target_condition,high_generation_q4,1104,131.22746148078372
wind,1,random_forest,month,6,720,79.53255210633753
wind,1,random_forest,month,7,744,64.925171301255
wind,1,random_forest,month,8,744,66.80030670106963
wind,1,random_forest,month,9,720,69.30332579906859
wind,1,random_forest,month,10,744,80.67908282097679
wind,1,extra_trees,hour,0,184,87.66896715360495
wind,1,extra_trees,month,5,744,87.80970531276147
wind,1,extra_trees,output_quartile,low_output,1105,17.597027524540852
wind,1,extra_trees,target_condition,low_generation_q1,1105,17.597027524540852
wind,1,extra_trees,hour,1,184,85.08200806679187
wind,1,extra_trees,hour,2,184,84.41875490637277
wind,1,extra_trees,hour,3,184,69.5311785365365
wind,1,extra_trees,hour,4,184,63.471652361950184
wind,1,extra_trees,hour,5,184,62.87086143685595
wind,1,extra_trees,output_quartile,middle_output,2207,71.05660188995078
wind,1,extra_trees,target_condition,middle_generation,2207,71.05660188995078
wind,1,extra_trees,hour,6,184,79.67240095762641
wind,1,extra_trees,hour,7,184,81.13861625010134
wind,1,extra_trees,hour,8,184,67.16052263588861
wind,1,extra_trees,hour,9,184,58.7972716041405
wind,1,extra_trees,hour,10,184,52.63889309667535
wind,1,extra_trees,hour,11,184,54.94731012814562
wind,1,extra_trees,hour,12,184,48.26637955498521
wind,1,extra_trees,hour,13,184,45.642151758566186
wind,1,extra_trees,hour,14,184,51.085198369563564
wind,1,extra_trees,hour,15,184,59.4259715296238
wind,1,extra_trees,hour,16,184,65.48039495768309
wind,1,extra_trees,hour,17,184,79.2769731735634
wind,1,extra_trees,hour,18,184,75.9661641471738
wind,1,extra_trees,hour,19,184,113.20316853886102
wind,1,extra_trees,hour,20,184,81.04904881661638
wind,1,extra_trees,hour,21,184,86.17803314847663
wind,1,extra_trees,hour,22,184,93.577279566443
wind,1,extra_trees,hour,23,184,81.24622888767614
wind,1,extra_trees,output_quartile,high_output,1104,128.3040971537162
wind,1,extra_trees,target_condition,high_generation_q4,1104,128.3040971537162
wind,1,extra_trees,month,6,720,75.2125389285111
wind,1,extra_trees,month,7,744,63.3156738185514
wind,1,extra_trees,month,8,744,61.69202568030337
wind,1,extra_trees,month,9,720,66.5584721724426
wind,1,extra_trees,month,10,744,77.28908853617278
wind,1,hist_gradient_boosting,hour,0,184,98.40705771969478
wind,1,hist_gradient_boosting,month,5,744,92.64673094841348
wind,1,hist_gradient_boosting,output_quartile,low_output,1105,31.25930821898209
wind,1,hist_gradient_boosting,target_condition,low_generation_q1,1105,31.25930821898209
wind,1,hist_gradient_boosting,hour,1,184,91.5302352766619
wind,1,hist_gradient_boosting,hour,2,184,88.37690036913989
wind,1,hist_gradient_boosting,hour,3,184,73.33799256667396
wind,1,hist_gradient_boosting,hour,4,184,70.86990387959148
wind,1,hist_gradient_boosting,hour,5,184,73.48429289813758
wind,1,hist_gradient_boosting,output_quartile,middle_output,2207,75.62896493730867
wind,1,hist_gradient_boosting,target_condition,middle_generation,2207,75.62896493730867
wind,1,hist_gradient_boosting,hour,6,184,81.60891661996588
wind,1,hist_gradient_boosting,hour,7,184,79.75824645808753
wind,1,hist_gradient_boosting,hour,8,184,74.77779550883797
wind,1,hist_gradient_boosting,hour,9,184,63.456750481577934
wind,1,hist_gradient_boosting,hour,10,184,58.44062467298632
wind,1,hist_gradient_boosting,hour,11,184,65.75823721730539
wind,1,hist_gradient_boosting,hour,12,184,56.71345283418709
wind,1,hist_gradient_boosting,hour,13,184,53.55700263610795
wind,1,hist_gradient_boosting,hour,14,184,53.61774869614334
wind,1,hist_gradient_boosting,hour,15,184,66.95200270616834
wind,1,hist_gradient_boosting,hour,16,184,78.42684723039241
wind,1,hist_gradient_boosting,hour,17,184,89.29294860882455
wind,1,hist_gradient_boosting,hour,18,184,87.48720985299953
wind,1,hist_gradient_boosting,hour,19,184,123.93300171658284
wind,1,hist_gradient_boosting,hour,20,184,90.71015922533026
wind,1,hist_gradient_boosting,hour,21,184,94.44042481111444
wind,1,hist_gradient_boosting,hour,22,184,101.56109934849104
wind,1,hist_gradient_boosting,hour,23,184,89.98207932813179
wind,1,hist_gradient_boosting,output_quartile,high_output,1104,135.26977359003737
wind,1,hist_gradient_boosting,target_condition,high_generation_q4,1104,135.26977359003737
wind,1,hist_gradient_boosting,month,6,720,90.26888245529798
wind,1,hist_gradient_boosting,month,7,744,70.26310026885432
wind,1,hist_gradient_boosting,month,8,744,67.65221060739562
wind,1,hist_gradient_boosting,month,9,720,71.7437210029832
wind,1,hist_gradient_boosting,month,10,744,84.14685165928046
wind,24,linear_regression,hour,0,184,571.9771248767454
wind,24,linear_regression,month,5,744,498.2425423376032
wind,24,linear_regression,output_quartile,low_output,1105,519.7858570342131
wind,24,linear_regression,target_condition,low_generation_q1,1105,519.7858570342131
wind,24,linear_regression,hour,1,184,570.4236651389809
wind,24,linear_regression,hour,2,184,548.2923823806303
wind,24,linear_regression,hour,3,184,541.766560859476
wind,24,linear_regression,hour,4,184,534.2041512376356
wind,24,linear_regression,hour,5,184,523.4633088140109
wind,24,linear_regression,output_quartile,middle_output,2207,354.05219017918927
wind,24,linear_regression,target_condition,middle_generation,2207,354.05219017918927
wind,24,linear_regression,hour,6,184,493.32167828205945
wind,24,linear_regression,hour,7,184,470.5086979973069
wind,24,linear_regression,hour,8,184,446.1379602381751
wind,24,linear_regression,hour,9,184,431.7250360710685
wind,24,linear_regression,hour,10,184,419.6595861435918
wind,24,linear_regression,hour,11,184,421.90648901918803
wind,24,linear_regression,hour,12,184,417.0640137643998
wind,24,linear_regression,hour,13,184,416.55555268076006
wind,24,linear_regression,hour,14,184,414.3612728691911
wind,24,linear_regression,hour,15,184,422.77654578855515
wind,24,linear_regression,hour,16,184,426.6138495978363
wind,24,linear_regression,hour,17,184,455.91669015474184
wind,24,linear_regression,hour,18,184,462.6193188625841
wind,24,linear_regression,hour,19,184,511.81110252967767
wind,24,linear_regression,hour,20,184,555.3276955446354
wind,24,linear_regression,hour,21,184,549.2050541103376
wind,24,linear_regression,hour,22,184,554.6682373505753
wind,24,linear_regression,hour,23,184,569.8778908413583
wind,24,linear_regression,output_quartile,high_output,1104,726.9902857246121
wind,24,linear_regression,target_condition,high_generation_q4,1104,726.9902857246121
wind,24,linear_regression,month,6,720,529.0715995628162
wind,24,linear_regression,month,7,744,442.67712171755267
wind,24,linear_regression,month,8,744,403.1186203425696
wind,24,linear_regression,month,9,720,524.7078932714697
wind,24,linear_regression,month,10,744,537.1883235963096
wind,24,ridge,hour,0,184,571.962845034238
wind,24,ridge,month,5,744,498.2263166005977
wind,24,ridge,output_quartile,low_output,1105,519.7827511307562
wind,24,ridge,target_condition,low_generation_q1,1105,519.7827511307562
wind,24,ridge,hour,1,184,570.4046354518675
wind,24,ridge,hour,2,184,548.2774215437873
wind,24,ridge,hour,3,184,541.7471219424182
wind,24,ridge,hour,4,184,534.1868646589883
wind,24,ridge,hour,5,184,523.4418616192933
wind,24,ridge,output_quartile,middle_output,2207,354.0322858837072
wind,24,ridge,target_condition,middle_generation,2207,354.0322858837072
wind,24,ridge,hour,6,184,493.298088163622
wind,24,ridge,hour,7,184,470.4932648659693
wind,24,ridge,hour,8,184,446.1341820597122
wind,24,ridge,hour,9,184,431.71752929219025
wind,24,ridge,hour,10,184,419.6563884963136
wind,24,ridge,hour,11,184,421.8995678566591
wind,24,ridge,hour,12,184,417.0508209458978
wind,24,ridge,hour,13,184,416.54691251697443
wind,24,ridge,hour,14,184,414.343403489585
wind,24,ridge,hour,15,184,422.7568953885799
wind,24,ridge,hour,16,184,426.60179371385186
wind,24,ridge,hour,17,184,455.9097322884932
wind,24,ridge,hour,18,184,462.6102306269828
wind,24,ridge,hour,19,184,511.7942383072614
wind,24,ridge,hour,20,184,555.3032316896262
wind,24,ridge,hour,21,184,549.1942113751245
wind,24,ridge,hour,22,184,554.6524108720165
wind,24,ridge,hour,23,184,569.8637224440253
wind,24,ridge,output_quartile,high_output,1104,726.9771032514245
wind,24,ridge,target_condition,high_generation_q4,1104,726.9771032514245
wind,24,ridge,month,6,720,529.1118881334837
wind,24,ridge,month,7,744,442.62076530031896
wind,24,ridge,month,8,744,403.09024403154433
wind,24,ridge,month,9,720,524.6983142056362
wind,24,ridge,month,10,744,537.1763451027991
wind,24,random_forest,hour,0,184,650.4664853444365
wind,24,random_forest,month,5,744,491.092363178892
wind,24,random_forest,output_quartile,low_output,1105,640.8335702052223
wind,24,random_forest,target_condition,low_generation_q1,1105,640.8335702052223
wind,24,random_forest,hour,1,184,656.1538678462139
wind,24,random_forest,hour,2,184,643.9683647992771
wind,24,random_forest,hour,3,184,618.1300960065529
wind,24,random_forest,hour,4,184,614.4645137588896
wind,24,random_forest,hour,5,184,613.3938073719743
wind,24,random_forest,output_quartile,middle_output,2207,491.7011970369643
wind,24,random_forest,target_condition,middle_generation,2207,491.7011970369643
wind,24,random_forest,hour,6,184,603.9529067196424
wind,24,random_forest,hour,7,184,593.063452181105
wind,24,random_forest,hour,8,184,582.3571859227917
wind,24,random_forest,hour,9,184,578.2579472314447
wind,24,random_forest,hour,10,184,565.1950124606107
wind,24,random_forest,hour,11,184,557.1559992976921
wind,24,random_forest,hour,12,184,547.2360281885153
wind,24,random_forest,hour,13,184,549.6194240697998
wind,24,random_forest,hour,14,184,538.9432385706511
wind,24,random_forest,hour,15,184,539.6186544338649
wind,24,random_forest,hour,16,184,532.6144132928201
wind,24,random_forest,hour,17,184,547.9696557784857
wind,24,random_forest,hour,18,184,558.9680032436396
wind,24,random_forest,hour,19,184,598.0478907214828
wind,24,random_forest,hour,20,184,618.9232585325694
wind,24,random_forest,hour,21,184,623.7847118917051
wind,24,random_forest,hour,22,184,639.8678629721097
wind,24,random_forest,hour,23,184,643.9677458687141
wind,24,random_forest,output_quartile,high_output,1104,744.9823731336659
wind,24,random_forest,target_condition,high_generation_q4,1104,744.9823731336659
wind,24,random_forest,month,6,720,1109.559922706447
wind,24,random_forest,month,7,744,364.3266254930784
wind,24,random_forest,month,8,744,521.8819236888961
wind,24,random_forest,month,9,720,520.0678023304044
wind,24,random_forest,month,10,744,561.4547527606185
wind,24,extra_trees,hour,0,184,598.7044430260302
wind,24,extra_trees,month,5,744,492.135548237992
wind,24,extra_trees,output_quartile,low_output,1105,570.3498165736881
wind,24,extra_trees,target_condition,low_generation_q1,1105,570.3498165736881
wind,24,extra_trees,hour,1,184,603.9001311738174
wind,24,extra_trees,hour,2,184,598.9362926498904
wind,24,extra_trees,hour,3,184,589.1383605152242
wind,24,extra_trees,hour,4,184,568.2271503958757
wind,24,extra_trees,hour,5,184,548.4952151716581
wind,24,extra_trees,output_quartile,middle_output,2207,391.9448350589387
wind,24,extra_trees,target_condition,middle_generation,2207,391.9448350589387
wind,24,extra_trees,hour,6,184,515.8474086534914
wind,24,extra_trees,hour,7,184,506.1786436954967
wind,24,extra_trees,hour,8,184,486.7587354844769
wind,24,extra_trees,hour,9,184,470.89192309943877
wind,24,extra_trees,hour,10,184,467.53181331083545
wind,24,extra_trees,hour,11,184,463.89074689390543
wind,24,extra_trees,hour,12,184,461.43394826947866
wind,24,extra_trees,hour,13,184,464.82221374934426
wind,24,extra_trees,hour,14,184,460.70285764134053
wind,24,extra_trees,hour,15,184,456.4427463904138
wind,24,extra_trees,hour,16,184,455.12489405479005
wind,24,extra_trees,hour,17,184,486.1303186608822
wind,24,extra_trees,hour,18,184,497.4074418499105
wind,24,extra_trees,hour,19,184,529.805324496523
wind,24,extra_trees,hour,20,184,553.7496989264422
wind,24,extra_trees,hour,21,184,549.0128064438184
wind,24,extra_trees,hour,22,184,553.3187372532311
wind,24,extra_trees,hour,23,184,556.9604871037981
wind,24,extra_trees,output_quartile,high_output,1104,719.5009710783133
wind,24,extra_trees,target_condition,high_generation_q4,1104,719.5009710783133
wind,24,extra_trees,month,6,720,788.0393765776956
wind,24,extra_trees,month,7,744,332.3024185671595
wind,24,extra_trees,month,8,744,430.656748806347
wind,24,extra_trees,month,9,720,545.8860489345057
wind,24,extra_trees,month,10,744,531.4127628705929
wind,24,hist_gradient_boosting,hour,0,184,679.1598058155985
wind,24,hist_gradient_boosting,month,5,744,472.85693633579166
wind,24,hist_gradient_boosting,output_quartile,low_output,1105,644.1017872439643
wind,24,hist_gradient_boosting,target_condition,low_generation_q1,1105,644.1017872439643
wind,24,hist_gradient_boosting,hour,1,184,697.5085202435795
wind,24,hist_gradient_boosting,hour,2,184,685.7028249240093
wind,24,hist_gradient_boosting,hour,3,184,670.3948449816543
wind,24,hist_gradient_boosting,hour,4,184,652.4096953637606
wind,24,hist_gradient_boosting,hour,5,184,629.9618281720151
wind,24,hist_gradient_boosting,output_quartile,middle_output,2207,508.7933412007845
wind,24,hist_gradient_boosting,target_condition,middle_generation,2207,508.7933412007845
wind,24,hist_gradient_boosting,hour,6,184,628.3080641477538
wind,24,hist_gradient_boosting,hour,7,184,604.5440913738171
wind,24,hist_gradient_boosting,hour,8,184,591.6674268945887
wind,24,hist_gradient_boosting,hour,9,184,575.2977679832434
wind,24,hist_gradient_boosting,hour,10,184,553.9825858947083
wind,24,hist_gradient_boosting,hour,11,184,540.5503398925974
wind,24,hist_gradient_boosting,hour,12,184,536.7466150763914
wind,24,hist_gradient_boosting,hour,13,184,534.012312869748
wind,24,hist_gradient_boosting,hour,14,184,526.1567091116775
wind,24,hist_gradient_boosting,hour,15,184,524.3043266311341
wind,24,hist_gradient_boosting,hour,16,184,518.0462281372209
wind,24,hist_gradient_boosting,hour,17,184,560.5833919505382
wind,24,hist_gradient_boosting,hour,18,184,570.0239027728946
wind,24,hist_gradient_boosting,hour,19,184,598.5054814425966
wind,24,hist_gradient_boosting,hour,20,184,639.9076315377896
wind,24,hist_gradient_boosting,hour,21,184,651.5546467092244
wind,24,hist_gradient_boosting,hour,22,184,676.9207314876902
wind,24,hist_gradient_boosting,hour,23,184,684.4048443385321
wind,24,hist_gradient_boosting,output_quartile,high_output,1104,759.9647379816997
wind,24,hist_gradient_boosting,target_condition,high_generation_q4,1104,759.9647379816997
wind,24,hist_gradient_boosting,month,6,720,1298.6619373984877
wind,24,hist_gradient_boosting,month,7,744,306.412666396273
wind,24,hist_gradient_boosting,month,8,744,546.3281634770904
wind,24,hist_gradient_boosting,month,9,720,501.2001585197087
wind,24,hist_gradient_boosting,month,10,744,526.202960411016
pv,1,linear_regression,hour,0,184,33.56530087630295
pv,1,linear_regression,month,5,744,57.909478285013236
pv,1,linear_regression,output_quartile,low_output,1875,43.09565651390138
pv,1,linear_regression,target_condition,nighttime_zero,1875,43.09565651390138
pv,1,linear_regression,hour,1,184,20.06814629588201
pv,1,linear_regression,hour,2,184,17.694619188221786
pv,1,linear_regression,hour,3,184,53.74195437190211
pv,1,linear_regression,hour,4,184,101.26470581244708
pv,1,linear_regression,hour,5,184,103.92915163379759
pv,1,linear_regression,output_quartile,middle_output,1437,93.39178392596696
pv,1,linear_regression,target_condition,middle_output,1437,93.39178392596696
pv,1,linear_regression,hour,6,184,139.16083502561537
pv,1,linear_regression,hour,7,184,65.62366906093844
pv,1,linear_regression,hour,8,184,40.39773042324109
pv,1,linear_regression,output_quartile,high_output,1104,41.006104941832966
pv,1,linear_regression,target_condition,high_output_q4,1104,41.006104941832966
pv,1,linear_regression,hour,9,184,27.282057229837203
pv,1,linear_regression,hour,10,184,36.7257825429683
pv,1,linear_regression,hour,11,184,44.917117598620024
pv,1,linear_regression,hour,12,184,47.02765449122705
pv,1,linear_regression,hour,13,184,53.03793273504521
pv,1,linear_regression,hour,14,184,55.97158625275357
pv,1,linear_regression,hour,15,184,44.487495036435355
pv,1,linear_regression,hour,16,184,81.74032737659027
pv,1,linear_regression,hour,17,184,121.1990069251099
pv,1,linear_regression,hour,18,184,127.83799335904143
pv,1,linear_regression,hour,19,184,99.2948768975652
pv,1,linear_regression,hour,20,184,22.07421815179731
pv,1,linear_regression,hour,21,184,13.81389710322531
pv,1,linear_regression,hour,22,184,26.72911184856792
pv,1,linear_regression,hour,23,184,36.9750978115805
pv,1,linear_regression,month,6,720,50.59772971469812
pv,1,linear_regression,month,7,744,49.42351267901828
pv,1,linear_regression,month,8,744,57.9948583164156
pv,1,linear_regression,month,9,720,65.36962107858433
pv,1,linear_regression,month,10,744,72.2831678563806
pv,1,ridge,hour,0,184,33.532424913502986
pv,1,ridge,month,5,744,57.9416553611039
pv,1,ridge,output_quartile,low_output,1875,43.090646780104265
pv,1,ridge,target_condition,nighttime_zero,1875,43.090646780104265
pv,1,ridge,hour,1,184,20.069504234680355
pv,1,ridge,hour,2,184,17.72295966946046
pv,1,ridge,hour,3,184,53.77973171805573
pv,1,ridge,hour,4,184,101.29200587162941
pv,1,ridge,hour,5,184,103.90392401876535
pv,1,ridge,output_quartile,middle_output,1437,93.38203405304057
pv,1,ridge,target_condition,middle_output,1437,93.38203405304057
pv,1,ridge,hour,6,184,139.22773519771235
pv,1,ridge,hour,7,184,65.51725245658629
pv,1,ridge,hour,8,184,40.31423968141555
pv,1,ridge,output_quartile,high_output,1104,41.056363014939464
pv,1,ridge,target_condition,high_output_q4,1104,41.056363014939464
pv,1,ridge,hour,9,184,27.25076328434232
pv,1,ridge,hour,10,184,36.81443539533081
pv,1,ridge,hour,11,184,45.00435094266755
pv,1,ridge,hour,12,184,47.06203413210134
pv,1,ridge,hour,13,184,53.1457891115861
pv,1,ridge,hour,14,184,56.10596753598214
pv,1,ridge,hour,15,184,44.51242119707497
pv,1,ridge,hour,16,184,81.69192616990756
pv,1,ridge,hour,17,184,121.12728846153696
pv,1,ridge,hour,18,184,127.8416034312682
pv,1,ridge,hour,19,184,99.24070865083426
pv,1,ridge,hour,20,184,22.064349181008023
pv,1,ridge,hour,21,184,13.833655858561498
pv,1,ridge,hour,22,184,26.728723815688603
pv,1,ridge,hour,23,184,36.95082689317049
pv,1,ridge,month,6,720,50.62193439282838
pv,1,ridge,month,7,744,49.39912753740895
pv,1,ridge,month,8,744,57.997715487469314
pv,1,ridge,month,9,720,65.3724938544927
pv,1,ridge,month,10,744,72.28943451366406
pv,1,random_forest,hour,0,184,0.024562440836282822
pv,1,random_forest,month,5,744,31.514113593919788
pv,1,random_forest,output_quartile,low_output,1875,0.17281712816796804
pv,1,random_forest,target_condition,nighttime_zero,1875,0.17281712816796804
pv,1,random_forest,hour,1,184,0.025252658227587176
pv,1,random_forest,hour,2,184,0.03258798431454369
pv,1,random_forest,hour,3,184,0.05186984249259753
pv,1,random_forest,hour,4,184,0.7375831856744355
pv,1,random_forest,hour,5,184,36.837242987390376
pv,1,random_forest,output_quartile,middle_output,1437,57.195360620224314
pv,1,random_forest,target_condition,middle_output,1437,57.195360620224314
pv,1,random_forest,hour,6,184,77.73546857478586
pv,1,random_forest,hour,7,184,53.219983031172106
pv,1,random_forest,hour,8,184,37.139832974198825
pv,1,random_forest,output_quartile,high_output,1104,29.016916292758435
pv,1,random_forest,target_condition,high_output_q4,1104,29.016916292758435
pv,1,random_forest,hour,9,184,31.753184578700814
pv,1,random_forest,hour,10,184,36.49669015400903
pv,1,random_forest,hour,11,184,32.252882494416106
pv,1,random_forest,hour,12,184,34.784457048076895
pv,1,random_forest,hour,13,184,33.989093085055195
pv,1,random_forest,hour,14,184,30.537195956209388
pv,1,random_forest,hour,15,184,48.670878866667685
pv,1,random_forest,hour,16,184,84.73846279443833
pv,1,random_forest,hour,17,184,60.48563213495623
pv,1,random_forest,hour,18,184,22.875554064747206
pv,1,random_forest,hour,19,184,0.05101030022117427
pv,1,random_forest,hour,20,184,0.027029463274335554
pv,1,random_forest,hour,21,184,0.027029463274335554
pv,1,random_forest,hour,22,184,0.027029463274335554
pv,1,random_forest,hour,23,184,0.025360985013465988
pv,1,random_forest,month,6,720,25.424565301158488
pv,1,random_forest,month,7,744,29.69635303221374
pv,1,random_forest,month,8,744,17.92532983952835
pv,1,random_forest,month,9,720,22.9898514715789
pv,1,random_forest,month,10,744,27.97450035881618
pv,1,extra_trees,hour,0,184,0.025375329271012527
pv,1,extra_trees,month,5,744,30.496846224738444
pv,1,extra_trees,output_quartile,low_output,1875,0.8495291008580396
pv,1,extra_trees,target_condition,nighttime_zero,1875,0.8495291008580396
pv,1,extra_trees,hour,1,184,0.04446413849062843
pv,1,extra_trees,hour,2,184,0.06317076023630226
pv,1,extra_trees,hour,3,184,0.1280530511008498
pv,1,extra_trees,hour,4,184,0.9090671157410147
pv,1,extra_trees,hour,5,184,52.92369490857011
pv,1,extra_trees,output_quartile,middle_output,1437,55.1140257810904
pv,1,extra_trees,target_condition,middle_output,1437,55.1140257810904
pv,1,extra_trees,hour,6,184,70.74150137225216
pv,1,extra_trees,hour,7,184,44.88198705909621
pv,1,extra_trees,hour,8,184,33.370379493936014
pv,1,extra_trees,output_quartile,high_output,1104,25.358347685100316
pv,1,extra_trees,target_condition,high_output_q4,1104,25.358347685100316
pv,1,extra_trees,hour,9,184,32.30333860439653
pv,1,extra_trees,hour,10,184,30.34459773338793
pv,1,extra_trees,hour,11,184,25.357635784827654
pv,1,extra_trees,hour,12,184,28.27171484674433
pv,1,extra_trees,hour,13,184,31.063624713719072
pv,1,extra_trees,hour,14,184,33.534488390576044
pv,1,extra_trees,hour,15,184,45.730903761013685
pv,1,extra_trees,hour,16,184,74.758913474791
pv,1,extra_trees,hour,17,184,67.52261017595877
pv,1,extra_trees,hour,18,184,17.26007544123677
pv,1,extra_trees,hour,19,184,1.8744015904028457
pv,1,extra_trees,hour,20,184,0.027236584987418898
pv,1,extra_trees,hour,21,184,0.05301575802049579
pv,1,extra_trees,hour,22,184,0.027364186582445615
pv,1,extra_trees,hour,23,184,0.017918093608963157
pv,1,extra_trees,month,6,720,21.179771951797193
pv,1,extra_trees,month,7,744,23.988403355481317
pv,1,extra_trees,month,8,744,17.45824631712788
pv,1,extra_trees,month,9,720,23.398645818965427
pv,1,extra_trees,month,10,744,31.13564007165423
pv,1,hist_gradient_boosting,hour,0,184,1.9417995165052726
pv,1,hist_gradient_boosting,month,5,744,31.845881969264134
pv,1,hist_gradient_boosting,output_quartile,low_output,1875,2.3832297921978194
pv,1,hist_gradient_boosting,target_condition,nighttime_zero,1875,2.3832297921978194
pv,1,hist_gradient_boosting,hour,1,184,2.001128891440114
pv,1,hist_gradient_boosting,hour,2,184,2.1636158485712182
pv,1,hist_gradient_boosting,hour,3,184,2.526146501555988
pv,1,hist_gradient_boosting,hour,4,184,3.13483990605545
pv,1,hist_gradient_boosting,hour,5,184,42.62205245312835
pv,1,hist_gradient_boosting,output_quartile,middle_output,1437,54.20352864539218
pv,1,hist_gradient_boosting,target_condition,middle_output,1437,54.20352864539218
pv,1,hist_gradient_boosting,hour,6,184,74.63581601693573
pv,1,hist_gradient_boosting,hour,7,184,57.364814732578004
pv,1,hist_gradient_boosting,hour,8,184,40.297018192057074
pv,1,hist_gradient_boosting,output_quartile,high_output,1104,28.91326429661533
pv,1,hist_gradient_boosting,target_condition,high_output_q4,1104,28.91326429661533
pv,1,hist_gradient_boosting,hour,9,184,32.51229567807457
pv,1,hist_gradient_boosting,hour,10,184,35.76869007450185
pv,1,hist_gradient_boosting,hour,11,184,29.54621083436176
pv,1,hist_gradient_boosting,hour,12,184,31.23707511840699
pv,1,hist_gradient_boosting,hour,13,184,35.786201802511215
pv,1,hist_gradient_boosting,hour,14,184,32.61097792364542
pv,1,hist_gradient_boosting,hour,15,184,48.29905734733138
pv,1,hist_gradient_boosting,hour,16,184,61.80195535338294
pv,1,hist_gradient_boosting,hour,17,184,51.479149471643474
pv,1,hist_gradient_boosting,hour,18,184,24.442721509525466
pv,1,hist_gradient_boosting,hour,19,184,3.2128401376964146
pv,1,hist_gradient_boosting,hour,20,184,2.055152469731708
pv,1,hist_gradient_boosting,hour,21,184,1.8925302086202682
pv,1,hist_gradient_boosting,hour,22,184,1.8065416020168303
pv,1,hist_gradient_boosting,hour,23,184,1.9443592100638567
pv,1,hist_gradient_boosting,month,6,720,26.522277919224216
pv,1,hist_gradient_boosting,month,7,744,27.838443578083012
pv,1,hist_gradient_boosting,month,8,744,19.128287486682293
pv,1,hist_gradient_boosting,month,9,720,22.576374830892068
pv,1,hist_gradient_boosting,month,10,744,27.273731491748897
pv,24,linear_regression,hour,0,184,25.581063980637193
pv,24,linear_regression,month,5,744,60.37395976732805
pv,24,linear_regression,output_quartile,low_output,1875,23.56527772488888
pv,24,linear_regression,target_condition,nighttime_zero,1875,23.56527772488888
pv,24,linear_regression,hour,1,184,23.41631531972313
pv,24,linear_regression,hour,2,184,20.697711532518312
pv,24,linear_regression,hour,3,184,21.143805149798364
pv,24,linear_regression,hour,4,184,28.47324790298952
pv,24,linear_regression,hour,5,184,33.407728812552755
pv,24,linear_regression,output_quartile,middle_output,1437,77.71128964010047
pv,24,linear_regression,target_condition,middle_output,1437,77.71128964010047
pv,24,linear_regression,hour,6,184,57.10188239072853
pv,24,linear_regression,hour,7,184,79.62530295853058
pv,24,linear_regression,hour,8,184,78.95068177166381
pv,24,linear_regression,output_quartile,high_output,1104,56.22834436514756
pv,24,linear_regression,target_condition,high_output_q4,1104,56.22834436514756
pv,24,linear_regression,hour,9,184,69.30377216194164
pv,24,linear_regression,hour,10,184,65.40576591380491
pv,24,linear_regression,hour,11,184,67.75960395914413
pv,24,linear_regression,hour,12,184,70.01345234420477
pv,24,linear_regression,hour,13,184,75.20298767609492
pv,24,linear_regression,hour,14,184,86.59130777577914
pv,24,linear_regression,hour,15,184,93.36697815415701
pv,24,linear_regression,hour,16,184,81.16826542183976
pv,24,linear_regression,hour,17,184,51.342843030021875
pv,24,linear_regression,hour,18,184,34.454977566278565
pv,24,linear_regression,hour,19,184,28.646516714557894
pv,24,linear_regression,hour,20,184,21.8543523821755
pv,24,linear_regression,hour,21,184,21.33879367932488
pv,24,linear_regression,hour,22,184,23.65134585799938
pv,24,linear_regression,hour,23,184,25.914944968065697
pv,24,linear_regression,month,6,720,58.37535468951239
pv,24,linear_regression,month,7,744,46.32651807374054
pv,24,linear_regression,month,8,744,39.881405298690524
pv,24,linear_regression,month,9,720,35.62090030906483
pv,24,linear_regression,month,10,744,55.37350332144834
pv,24,ridge,hour,0,184,25.592884643567015
pv,24,ridge,month,5,744,60.38471283816211
pv,24,ridge,output_quartile,low_output,1875,23.570409111978368
pv,24,ridge,target_condition,nighttime_zero,1875,23.570409111978368
pv,24,ridge,hour,1,184,23.416909425633914
pv,24,ridge,hour,2,184,20.67648948845283
pv,24,ridge,hour,3,184,21.125870114793116
pv,24,ridge,hour,4,184,28.50694255089139
pv,24,ridge,hour,5,184,33.46174941023978
pv,24,ridge,output_quartile,middle_output,1437,77.74591973564708
pv,24,ridge,target_condition,middle_output,1437,77.74591973564708
pv,24,ridge,hour,6,184,57.13436515182631
pv,24,ridge,hour,7,184,79.67061541443398
pv,24,ridge,hour,8,184,79.01164545186231
pv,24,ridge,output_quartile,high_output,1104,56.286271179605535
pv,24,ridge,target_condition,high_output_q4,1104,56.286271179605535
pv,24,ridge,hour,9,184,69.35087097591929
pv,24,ridge,hour,10,184,65.44616394159935
pv,24,ridge,hour,11,184,67.78227697556474
pv,24,ridge,hour,12,184,70.04197406768262
pv,24,ridge,hour,13,184,75.25598027474362
pv,24,ridge,hour,14,184,86.64639275692261
pv,24,ridge,hour,15,184,93.4274294002617
pv,24,ridge,hour,16,184,81.21725412149901
pv,24,ridge,hour,17,184,51.381317930062146
pv,24,ridge,hour,18,184,34.52160025649513
pv,24,ridge,hour,19,184,28.67502906839184
pv,24,ridge,hour,20,184,21.8352942535062
pv,24,ridge,hour,21,184,21.318244695203845
pv,24,ridge,hour,22,184,23.64950778609559
pv,24,ridge,hour,23,184,25.93714362352987
pv,24,ridge,month,6,720,58.40089079080628
pv,24,ridge,month,7,744,46.34668178658773
pv,24,ridge,month,8,744,39.91183099905376
pv,24,ridge,month,9,720,35.65734301374959
pv,24,ridge,month,10,744,55.417955542982114
pv,24,random_forest,hour,0,184,6.977873700002794e-05
pv,24,random_forest,month,5,744,96.09914247126706
pv,24,random_forest,output_quartile,low_output,1875,0.11779590395241148
pv,24,random_forest,target_condition,nighttime_zero,1875,0.11779590395241148
pv,24,random_forest,hour,1,184,6.977873700002794e-05
pv,24,random_forest,hour,2,184,6.977873700002794e-05
pv,24,random_forest,hour,3,184,0.0004679671427971295
pv,24,random_forest,hour,4,184,0.7869873741073022
pv,24,random_forest,hour,5,184,30.999641942201542
pv,24,random_forest,output_quartile,middle_output,1437,79.48967924885673
pv,24,random_forest,target_condition,middle_output,1437,79.48967924885673
pv,24,random_forest,hour,6,184,71.30810745920357
pv,24,random_forest,hour,7,184,98.88478240070522
pv,24,random_forest,hour,8,184,116.51921231553696
pv,24,random_forest,output_quartile,high_output,1104,97.62936892605728
pv,24,random_forest,target_condition,high_output_q4,1104,97.62936892605728
pv,24,random_forest,hour,9,184,105.15857789169995
pv,24,random_forest,hour,10,184,100.54169343129978
pv,24,random_forest,hour,11,184,103.21772296094386
pv,24,random_forest,hour,12,184,102.16364576625001
pv,24,random_forest,hour,13,184,100.8054287244602
pv,24,random_forest,hour,14,184,98.41770204420685
pv,24,random_forest,hour,15,184,108.78237609499256
pv,24,random_forest,hour,16,184,97.5097978983546
pv,24,random_forest,hour,17,184,56.37938103689345
pv,24,random_forest,hour,18,184,16.295900946986944
pv,24,random_forest,hour,19,184,0.0017639093744821063
pv,24,random_forest,hour,20,184,7.706537146057544e-05
pv,24,random_forest,hour,21,184,7.706537146057544e-05
pv,24,random_forest,hour,22,184,7.018131348956094e-05
pv,24,random_forest,hour,23,184,7.018131348956094e-05
pv,24,random_forest,month,6,720,51.71531052869212
pv,24,random_forest,month,7,744,50.62812675271097
pv,24,random_forest,month,8,744,29.926219485151403
pv,24,random_forest,month,9,720,29.16135376613463
pv,24,random_forest,month,10,744,43.775491670722545
pv,24,extra_trees,hour,0,184,0.004748233300615754
pv,24,extra_trees,month,5,744,65.83613754665198
pv,24,extra_trees,output_quartile,low_output,1875,0.1576760258405706
pv,24,extra_trees,target_condition,nighttime_zero,1875,0.1576760258405706
pv,24,extra_trees,hour,1,184,0.004771802457272025
pv,24,extra_trees,hour,2,184,0.004859438977955908
pv,24,extra_trees,hour,3,184,0.005228431463675485
pv,24,extra_trees,hour,4,184,1.019070471789844
pv,24,extra_trees,hour,5,184,30.50830692903644
pv,24,extra_trees,output_quartile,middle_output,1437,80.02434395149383
pv,24,extra_trees,target_condition,middle_output,1437,80.02434395149383
pv,24,extra_trees,hour,6,184,69.47232254865112
pv,24,extra_trees,hour,7,184,96.67387522035742
pv,24,extra_trees,hour,8,184,96.50404947376217
pv,24,extra_trees,output_quartile,high_output,1104,74.03563521751622
pv,24,extra_trees,target_condition,high_output_q4,1104,74.03563521751622
pv,24,extra_trees,hour,9,184,80.98398453244674
pv,24,extra_trees,hour,10,184,84.07717916763268
pv,24,extra_trees,hour,11,184,86.84627695303836
pv,24,extra_trees,hour,12,184,83.99816973118408
pv,24,extra_trees,hour,13,184,82.71183567878994
pv,24,extra_trees,hour,14,184,89.65995546951514
pv,24,extra_trees,hour,15,184,97.90832467697008
pv,24,extra_trees,hour,16,184,98.31985235003008
pv,24,extra_trees,hour,17,184,55.353089930067426
pv,24,extra_trees,hour,18,184,16.695929167534832
pv,24,extra_trees,hour,19,184,0.02227228216320638
pv,24,extra_trees,hour,20,184,0.004958233008567831
pv,24,extra_trees,hour,21,184,0.004746592817378638
pv,24,extra_trees,hour,22,184,0.004742801638914696
pv,24,extra_trees,hour,23,184,0.004743833831307251
pv,24,extra_trees,month,6,720,50.15905864244487
pv,24,extra_trees,month,7,744,43.30859483285565
pv,24,extra_trees,month,8,744,30.41225414883812
pv,24,extra_trees,month,9,720,31.02354748068755
pv,24,extra_trees,month,10,744,46.6990479854046
pv,24,hist_gradient_boosting,hour,0,184,10.058308976803717
pv,24,hist_gradient_boosting,month,5,744,100.5368298653235
pv,24,hist_gradient_boosting,output_quartile,low_output,1875,10.098640626173458
pv,24,hist_gradient_boosting,target_condition,nighttime_zero,1875,10.098640626173458
pv,24,hist_gradient_boosting,hour,1,184,9.866018958234775
pv,24,hist_gradient_boosting,hour,2,184,9.799596843682135
pv,24,hist_gradient_boosting,hour,3,184,9.742303554840756
pv,24,hist_gradient_boosting,hour,4,184,10.096884998862267
pv,24,hist_gradient_boosting,hour,5,184,31.02825235097982
pv,24,hist_gradient_boosting,output_quartile,middle_output,1437,97.08125896395018
pv,24,hist_gradient_boosting,target_condition,middle_output,1437,97.08125896395018
pv,24,hist_gradient_boosting,hour,6,184,87.45265202253694
pv,24,hist_gradient_boosting,hour,7,184,104.07239666812862
pv,24,hist_gradient_boosting,hour,8,184,117.83636208503474
pv,24,hist_gradient_boosting,output_quartile,high_output,1104,103.81723451361007
pv,24,hist_gradient_boosting,target_condition,high_output_q4,1104,103.81723451361007
pv,24,hist_gradient_boosting,hour,9,184,122.61366138275491
pv,24,hist_gradient_boosting,hour,10,184,113.38515886534182
pv,24,hist_gradient_boosting,hour,11,184,113.40187294418021
pv,24,hist_gradient_boosting,hour,12,184,108.30205848743809
pv,24,hist_gradient_boosting,hour,13,184,122.8089290236358
pv,24,hist_gradient_boosting,hour,14,184,126.39704654905846
pv,24,hist_gradient_boosting,hour,15,184,116.57511785874233
pv,24,hist_gradient_boosting,hour,16,184,123.70489028820676
pv,24,hist_gradient_boosting,hour,17,184,68.26085312647977
pv,24,hist_gradient_boosting,hour,18,184,25.59246544392249
pv,24,hist_gradient_boosting,hour,19,184,11.916718533298756
pv,24,hist_gradient_boosting,hour,20,184,10.224785419835522
pv,24,hist_gradient_boosting,hour,21,184,10.285981307988061
pv,24,hist_gradient_boosting,hour,22,184,10.285981307988061
pv,24,hist_gradient_boosting,hour,23,184,10.285981307988061
pv,24,hist_gradient_boosting,month,6,720,64.9535387878193
pv,24,hist_gradient_boosting,month,7,744,86.00478081865829
pv,24,hist_gradient_boosting,month,8,744,34.9518904272348
pv,24,hist_gradient_boosting,month,9,720,32.88627319929931
pv,24,hist_gradient_boosting,month,10,744,50.83214751455192
