Target,Model,Feature Set,Feature Count,F01-F04 MAE,RMSE,sMAPE,Seed Std,Common Samples
load,mlp,A_calendar_only,6,1073.793494,1348.579172,22.295226,246.093075,744
load,mlp,C_calendar_lags,9,781.962801,986.961152,15.714952,204.305009,744
load,mlp,E_full,12,768.375439,985.915992,15.366698,204.958948,744
wind,mlp,A_calendar_only,6,559.719459,629.139292,110.167656,92.61404,744
wind,mlp,C_calendar_lags,9,513.694847,586.018861,108.011439,65.820055,744
wind,mlp,E_full,12,508.619424,579.212368,107.935691,73.091446,744
pv,mlp,A_calendar_only,6,338.37675,379.136877,121.213527,28.760749,744
pv,mlp,C_calendar_lags,9,244.088967,277.105892,110.093134,35.855359,744
pv,mlp,E_full,12,240.729679,277.708804,111.641247,35.054709,744
