experiment_id,target,horizon,model,track,fold,seed,training_seconds,prediction_seconds,best_epoch,stopped_epoch,parameter_count,training_status,failure_reason,samples
LOAD-H1-MLP-NNV1-S42-F01,load,1,mlp,tabular,F01,42,1.1594142999965698,0.0014081000117585063,11,12,2945,SUCCESS,,744
LOAD-H1-LSTM-NNV1-S42-F01,load,1,lstm,sequence,F01,42,3.735535899992101,0.030786900024395436,12,12,5287,SUCCESS,,744
LOAD-H1-GRU-NNV1-S42-F01,load,1,gru,sequence,F01,42,8.944011000043247,0.08995269995648414,12,12,3975,SUCCESS,,744
LOAD-H1-MLP-NNV1-S42-F02,load,1,mlp,tabular,F02,42,1.4391007000231184,0.0011139999842271209,10,12,2945,SUCCESS,,720
LOAD-H1-LSTM-NNV1-S42-F02,load,1,lstm,sequence,F02,42,5.006918700004462,0.02797870000358671,12,12,5287,SUCCESS,,720
LOAD-H1-GRU-NNV1-S42-F02,load,1,gru,sequence,F02,42,11.108845099981409,0.07809230004204437,12,12,3975,SUCCESS,,720
LOAD-H1-MLP-NNV1-S42-F03,load,1,mlp,tabular,F03,42,1.7384384999750182,0.0010231000487692654,11,12,2945,SUCCESS,,744
LOAD-H1-LSTM-NNV1-S42-F03,load,1,lstm,sequence,F03,42,7.382454100006726,0.024430899997241795,12,12,5287,SUCCESS,,744
LOAD-H1-GRU-NNV1-S42-F03,load,1,gru,sequence,F03,42,12.393800600024406,0.09461249999003485,12,12,3975,SUCCESS,,744
LOAD-H1-MLP-NNV1-S42-F04,load,1,mlp,tabular,F04,42,2.016810400004033,0.0010569999576546252,12,12,2945,SUCCESS,,744
LOAD-H1-LSTM-NNV1-S42-F04,load,1,lstm,sequence,F04,42,8.269396799965762,0.02405560004990548,12,12,5287,SUCCESS,,744
LOAD-H1-GRU-NNV1-S42-F04,load,1,gru,sequence,F04,42,14.268918099987786,0.0934830000041984,12,12,3975,SUCCESS,,744
LOAD-H1-MLP-NNV1-S42-F05,load,1,mlp,tabular,F05,42,2.2749123999965377,0.0009181999485008419,12,12,2945,SUCCESS,,720
LOAD-H1-LSTM-NNV1-S42-F05,load,1,lstm,sequence,F05,42,9.362093699979596,0.02545090002240613,12,12,5287,SUCCESS,,720
LOAD-H1-GRU-NNV1-S42-F05,load,1,gru,sequence,F05,42,15.94250900001498,0.08370779996039346,12,12,3975,SUCCESS,,720
LOAD-H1-MLP-NNV1-S42-F06,load,1,mlp,tabular,F06,42,2.6345311000477523,0.0009142000344581902,12,12,2945,SUCCESS,,744
LOAD-H1-LSTM-NNV1-S42-F06,load,1,lstm,sequence,F06,42,11.39792319998378,0.02854630001820624,12,12,5287,SUCCESS,,744
LOAD-H1-GRU-NNV1-S42-F06,load,1,gru,sequence,F06,42,17.280530099989846,0.09507989999838173,12,12,3975,SUCCESS,,744
LOAD-H24-MLP-NNV1-S42-F01,load,24,mlp,tabular,F01,42,1.2457097999867983,0.0006858999840915203,12,12,2945,SUCCESS,,744
LOAD-H24-MLP-NNV1-S123-F01,load,24,mlp,tabular,F01,123,1.0808671999839135,0.000861200038343668,11,12,2945,SUCCESS,,744
LOAD-H24-MLP-NNV1-S2020-F01,load,24,mlp,tabular,F01,2020,1.1086495000054128,0.0010981999803334475,12,12,2945,SUCCESS,,744
LOAD-H24-MLP-NNV1-S2025-F01,load,24,mlp,tabular,F01,2025,1.1139141999883577,0.0006744000129401684,10,12,2945,SUCCESS,,744
LOAD-H24-MLP-NNV1-S31415-F01,load,24,mlp,tabular,F01,31415,1.1546281999908388,0.0008347000111825764,10,12,2945,SUCCESS,,744
LOAD-H24-LSTM-NNV1-S42-F01,load,24,lstm,sequence,F01,42,3.4980872999876738,0.028644800011534244,12,12,5287,SUCCESS,,744
LOAD-H24-LSTM-NNV1-S123-F01,load,24,lstm,sequence,F01,123,3.4775228000362404,0.02872670005308464,12,12,5287,SUCCESS,,744
LOAD-H24-LSTM-NNV1-S2020-F01,load,24,lstm,sequence,F01,2020,3.467964800016489,0.02645249996567145,12,12,5287,SUCCESS,,744
LOAD-H24-LSTM-NNV1-S2025-F01,load,24,lstm,sequence,F01,2025,3.483623899985105,0.026213500008452684,12,12,5287,SUCCESS,,744
LOAD-H24-LSTM-NNV1-S31415-F01,load,24,lstm,sequence,F01,31415,3.471412600018084,0.02705390000483021,12,12,5287,SUCCESS,,744
LOAD-H24-GRU-NNV1-S42-F01,load,24,gru,sequence,F01,42,8.567251799977385,0.07527129998197779,12,12,3975,SUCCESS,,744
LOAD-H24-GRU-NNV1-S123-F01,load,24,gru,sequence,F01,123,8.38629100000253,0.09512579999864101,12,12,3975,SUCCESS,,744
LOAD-H24-GRU-NNV1-S2020-F01,load,24,gru,sequence,F01,2020,8.525506200036034,0.09107919997768477,12,12,3975,SUCCESS,,744
LOAD-H24-GRU-NNV1-S2025-F01,load,24,gru,sequence,F01,2025,8.614966899971478,0.09933699999237433,12,12,3975,SUCCESS,,744
LOAD-H24-GRU-NNV1-S31415-F01,load,24,gru,sequence,F01,31415,8.506614600017201,0.09504919999744743,12,12,3975,SUCCESS,,744
LOAD-H24-MLP-NNV1-S42-F02,load,24,mlp,tabular,F02,42,0.7039249000372365,0.000692599976900965,2,6,2945,SUCCESS,,720
LOAD-H24-MLP-NNV1-S123-F02,load,24,mlp,tabular,F02,123,1.4087673999601975,0.0008083999855443835,11,12,2945,SUCCESS,,720
LOAD-H24-MLP-NNV1-S2020-F02,load,24,mlp,tabular,F02,2020,0.7050892999977805,0.0008425999549217522,2,6,2945,SUCCESS,,720
LOAD-H24-MLP-NNV1-S2025-F02,load,24,mlp,tabular,F02,2025,0.6020153000135906,0.0008399999933317304,1,5,2945,SUCCESS,,720
LOAD-H24-MLP-NNV1-S31415-F02,load,24,mlp,tabular,F02,31415,0.5944275000365451,0.0009175000013783574,1,5,2945,SUCCESS,,720
LOAD-H24-LSTM-NNV1-S42-F02,load,24,lstm,sequence,F02,42,4.740589299995918,0.026932900014799088,12,12,5287,SUCCESS,,720
LOAD-H24-LSTM-NNV1-S123-F02,load,24,lstm,sequence,F02,123,4.8352849000366405,0.02415589999873191,12,12,5287,SUCCESS,,720
LOAD-H24-LSTM-NNV1-S2020-F02,load,24,lstm,sequence,F02,2020,4.790427800035104,0.02657389995874837,12,12,5287,SUCCESS,,720
LOAD-H24-LSTM-NNV1-S2025-F02,load,24,lstm,sequence,F02,2025,4.882765899994411,0.02449399995384738,12,12,5287,SUCCESS,,720
LOAD-H24-LSTM-NNV1-S31415-F02,load,24,lstm,sequence,F02,31415,4.876716399972793,0.025469399988651276,12,12,5287,SUCCESS,,720
LOAD-H24-GRU-NNV1-S42-F02,load,24,gru,sequence,F02,42,11.053555799997412,0.08598519995575771,12,12,3975,SUCCESS,,720
LOAD-H24-GRU-NNV1-S123-F02,load,24,gru,sequence,F02,123,11.047618100012187,0.09801939997123554,12,12,3975,SUCCESS,,720
LOAD-H24-GRU-NNV1-S2020-F02,load,24,gru,sequence,F02,2020,10.839604999986477,0.11133670003619045,12,12,3975,SUCCESS,,720
LOAD-H24-GRU-NNV1-S2025-F02,load,24,gru,sequence,F02,2025,10.878219399950467,0.08901990001322702,12,12,3975,SUCCESS,,720
LOAD-H24-GRU-NNV1-S31415-F02,load,24,gru,sequence,F02,31415,10.69804429996293,0.08961280004587024,12,12,3975,SUCCESS,,720
LOAD-H24-MLP-NNV1-S42-F03,load,24,mlp,tabular,F03,42,1.4350808999734,0.000818300002720207,6,10,2945,SUCCESS,,744
LOAD-H24-MLP-NNV1-S123-F03,load,24,mlp,tabular,F03,123,0.9940200999844819,0.0009347000159323215,3,7,2945,SUCCESS,,744
LOAD-H24-MLP-NNV1-S2020-F03,load,24,mlp,tabular,F03,2020,1.55253200000152,0.0009526999783702195,7,11,2945,SUCCESS,,744
LOAD-H24-MLP-NNV1-S2025-F03,load,24,mlp,tabular,F03,2025,1.4552150000235997,0.0011217999854125082,6,10,2945,SUCCESS,,744
LOAD-H24-MLP-NNV1-S31415-F03,load,24,mlp,tabular,F03,31415,1.7184215000015683,0.0007933999877423048,8,12,2945,SUCCESS,,744
LOAD-H24-LSTM-NNV1-S42-F03,load,24,lstm,sequence,F03,42,6.637102900014725,0.023690999951213598,12,12,5287,SUCCESS,,744
LOAD-H24-LSTM-NNV1-S123-F03,load,24,lstm,sequence,F03,123,6.768861300020944,0.02611589996377006,12,12,5287,SUCCESS,,744
LOAD-H24-LSTM-NNV1-S2020-F03,load,24,lstm,sequence,F03,2020,6.775126399996225,0.024553499999456108,12,12,5287,SUCCESS,,744
LOAD-H24-LSTM-NNV1-S2025-F03,load,24,lstm,sequence,F03,2025,6.740788299997803,0.024324400001205504,12,12,5287,SUCCESS,,744
LOAD-H24-LSTM-NNV1-S31415-F03,load,24,lstm,sequence,F03,31415,6.685398300003726,0.024433699960354716,12,12,5287,SUCCESS,,744
LOAD-H24-GRU-NNV1-S42-F03,load,24,gru,sequence,F03,42,12.284793600032572,0.08758900000248104,12,12,3975,SUCCESS,,744
LOAD-H24-GRU-NNV1-S123-F03,load,24,gru,sequence,F03,123,12.428712900029495,0.09268790000351146,12,12,3975,SUCCESS,,744
LOAD-H24-GRU-NNV1-S2020-F03,load,24,gru,sequence,F03,2020,12.304967499978375,0.10715870000422001,12,12,3975,SUCCESS,,744
LOAD-H24-GRU-NNV1-S2025-F03,load,24,gru,sequence,F03,2025,12.600908800028265,0.10664940002607182,12,12,3975,SUCCESS,,744
LOAD-H24-GRU-NNV1-S31415-F03,load,24,gru,sequence,F03,31415,12.338908899982926,0.07818959996802732,12,12,3975,SUCCESS,,744
LOAD-H24-MLP-NNV1-S42-F04,load,24,mlp,tabular,F04,42,2.0343440999859013,0.000686399987898767,8,12,2945,SUCCESS,,744
LOAD-H24-MLP-NNV1-S123-F04,load,24,mlp,tabular,F04,123,1.2958387000253424,0.000795799947809428,4,8,2945,SUCCESS,,744
LOAD-H24-MLP-NNV1-S2020-F04,load,24,mlp,tabular,F04,2020,1.9818688999512233,0.0008522000280208886,9,12,2945,SUCCESS,,744
LOAD-H24-MLP-NNV1-S2025-F04,load,24,mlp,tabular,F04,2025,1.9945358000113629,0.0009390999912284315,8,12,2945,SUCCESS,,744
LOAD-H24-MLP-NNV1-S31415-F04,load,24,mlp,tabular,F04,31415,1.991521499992814,0.0008313000435009599,12,12,2945,SUCCESS,,744
LOAD-H24-LSTM-NNV1-S42-F04,load,24,lstm,sequence,F04,42,7.902904000016861,0.023343699984252453,12,12,5287,SUCCESS,,744
LOAD-H24-LSTM-NNV1-S123-F04,load,24,lstm,sequence,F04,123,7.823729099996854,0.025697300035972148,12,12,5287,SUCCESS,,744
LOAD-H24-LSTM-NNV1-S2020-F04,load,24,lstm,sequence,F04,2020,8.190656799997669,0.02451329998439178,12,12,5287,SUCCESS,,744
LOAD-H24-LSTM-NNV1-S2025-F04,load,24,lstm,sequence,F04,2025,8.059210499981418,0.024466499977279454,12,12,5287,SUCCESS,,744
LOAD-H24-LSTM-NNV1-S31415-F04,load,24,lstm,sequence,F04,31415,7.928138100018259,0.024333600013051182,12,12,5287,SUCCESS,,744
LOAD-H24-GRU-NNV1-S42-F04,load,24,gru,sequence,F04,42,14.25370760000078,0.08868410001741722,12,12,3975,SUCCESS,,744
LOAD-H24-GRU-NNV1-S123-F04,load,24,gru,sequence,F04,123,14.280081500008237,0.11070790002122521,12,12,3975,SUCCESS,,744
LOAD-H24-GRU-NNV1-S2020-F04,load,24,gru,sequence,F04,2020,14.496910099987872,0.09846419998211786,12,12,3975,SUCCESS,,744
LOAD-H24-GRU-NNV1-S2025-F04,load,24,gru,sequence,F04,2025,14.225325000006706,0.09540980000747368,12,12,3975,SUCCESS,,744
LOAD-H24-GRU-NNV1-S31415-F04,load,24,gru,sequence,F04,31415,14.18530670000473,0.08665720000863075,12,12,3975,SUCCESS,,744
LOAD-H24-MLP-NNV1-S42-F05,load,24,mlp,tabular,F05,42,1.3540517999790609,0.0006283000111579895,3,7,2945,SUCCESS,,720
LOAD-H24-MLP-NNV1-S123-F05,load,24,mlp,tabular,F05,123,2.277764099999331,0.0008568999473936856,11,12,2945,SUCCESS,,720
LOAD-H24-MLP-NNV1-S2020-F05,load,24,mlp,tabular,F05,2020,1.6933618999901228,0.0007962000090628862,5,9,2945,SUCCESS,,720
LOAD-H24-MLP-NNV1-S2025-F05,load,24,mlp,tabular,F05,2025,1.5375650000059977,0.0007970999577082694,4,8,2945,SUCCESS,,720
LOAD-H24-MLP-NNV1-S31415-F05,load,24,mlp,tabular,F05,31415,2.283265099977143,0.0008368999697268009,10,12,2945,SUCCESS,,720
LOAD-H24-LSTM-NNV1-S42-F05,load,24,lstm,sequence,F05,42,9.444957399973646,0.02305840002372861,12,12,5287,SUCCESS,,720
LOAD-H24-LSTM-NNV1-S123-F05,load,24,lstm,sequence,F05,123,9.306048499944154,0.02948100003413856,12,12,5287,SUCCESS,,720
LOAD-H24-LSTM-NNV1-S2020-F05,load,24,lstm,sequence,F05,2020,9.028697100002319,0.02424319996498525,12,12,5287,SUCCESS,,720
LOAD-H24-LSTM-NNV1-S2025-F05,load,24,lstm,sequence,F05,2025,9.120641599991359,0.02375910000409931,12,12,5287,SUCCESS,,720
LOAD-H24-LSTM-NNV1-S31415-F05,load,24,lstm,sequence,F05,31415,9.133158000011463,0.024163900001440197,12,12,5287,SUCCESS,,720
LOAD-H24-GRU-NNV1-S42-F05,load,24,gru,sequence,F05,42,15.809062500018626,0.09320199996000156,12,12,3975,SUCCESS,,720
LOAD-H24-GRU-NNV1-S123-F05,load,24,gru,sequence,F05,123,16.024299899989273,0.08235979999881238,12,12,3975,SUCCESS,,720
LOAD-H24-GRU-NNV1-S2020-F05,load,24,gru,sequence,F05,2020,15.851260400027968,0.07171920000109822,12,12,3975,SUCCESS,,720
LOAD-H24-GRU-NNV1-S2025-F05,load,24,gru,sequence,F05,2025,15.789963699993677,0.08378039998933673,12,12,3975,SUCCESS,,720
LOAD-H24-GRU-NNV1-S31415-F05,load,24,gru,sequence,F05,31415,15.832649999996647,0.07196939998539165,12,12,3975,SUCCESS,,720
LOAD-H24-MLP-NNV1-S42-F06,load,24,mlp,tabular,F06,42,2.1651123999617994,0.0007554999901913106,6,10,2945,SUCCESS,,744
LOAD-H24-MLP-NNV1-S123-F06,load,24,mlp,tabular,F06,123,2.5499007999897003,0.0008546999888494611,12,12,2945,SUCCESS,,744
LOAD-H24-MLP-NNV1-S2020-F06,load,24,mlp,tabular,F06,2020,2.026445099967532,0.0006716999923810363,5,9,2945,SUCCESS,,744
LOAD-H24-MLP-NNV1-S2025-F06,load,24,mlp,tabular,F06,2025,2.5850528000155464,0.0008894999627955258,10,12,2945,SUCCESS,,744
LOAD-H24-MLP-NNV1-S31415-F06,load,24,mlp,tabular,F06,31415,2.61267439997755,0.0009148999815806746,11,12,2945,SUCCESS,,744
LOAD-H24-LSTM-NNV1-S42-F06,load,24,lstm,sequence,F06,42,10.968488799990155,0.025963100022636354,12,12,5287,SUCCESS,,744
LOAD-H24-LSTM-NNV1-S123-F06,load,24,lstm,sequence,F06,123,10.594545900006779,0.02955969999311492,12,12,5287,SUCCESS,,744
LOAD-H24-LSTM-NNV1-S2020-F06,load,24,lstm,sequence,F06,2020,10.563730699999724,0.029514400055631995,12,12,5287,SUCCESS,,744
LOAD-H24-LSTM-NNV1-S2025-F06,load,24,lstm,sequence,F06,2025,10.407808399992064,0.027008700009901077,12,12,5287,SUCCESS,,744
LOAD-H24-LSTM-NNV1-S31415-F06,load,24,lstm,sequence,F06,31415,10.687275699980091,0.027604100003372878,12,12,5287,SUCCESS,,744
LOAD-H24-GRU-NNV1-S42-F06,load,24,gru,sequence,F06,42,17.34960139996838,0.08888110000407323,12,12,3975,SUCCESS,,744
LOAD-H24-GRU-NNV1-S123-F06,load,24,gru,sequence,F06,123,17.38355570001295,0.09492259996477515,12,12,3975,SUCCESS,,744
LOAD-H24-GRU-NNV1-S2020-F06,load,24,gru,sequence,F06,2020,17.42935920000309,0.07680450001498684,12,12,3975,SUCCESS,,744
LOAD-H24-GRU-NNV1-S2025-F06,load,24,gru,sequence,F06,2025,17.065210599976126,0.08041770005365834,12,12,3975,SUCCESS,,744
LOAD-H24-GRU-NNV1-S31415-F06,load,24,gru,sequence,F06,31415,16.97694160003448,0.1066508999792859,12,12,3975,SUCCESS,,744
WIND-H1-MLP-NNV1-S42-F01,wind,1,mlp,tabular,F01,42,1.1697310999734327,0.0009203000226989388,12,12,2945,SUCCESS,,744
WIND-H1-LSTM-NNV1-S42-F01,wind,1,lstm,sequence,F01,42,3.4816652999725193,0.03129590000025928,12,12,5287,SUCCESS,,744
WIND-H1-GRU-NNV1-S42-F01,wind,1,gru,sequence,F01,42,8.702794100041501,0.10584999999264255,12,12,3975,SUCCESS,,744
WIND-H1-MLP-NNV1-S42-F02,wind,1,mlp,tabular,F02,42,1.4231707000290044,0.0009265000117011368,10,12,2945,SUCCESS,,720
WIND-H1-LSTM-NNV1-S42-F02,wind,1,lstm,sequence,F02,42,4.725528499984648,0.025020400003995746,12,12,5287,SUCCESS,,720
WIND-H1-GRU-NNV1-S42-F02,wind,1,gru,sequence,F02,42,11.14589469996281,0.08145670004887506,12,12,3975,SUCCESS,,720
WIND-H1-MLP-NNV1-S42-F03,wind,1,mlp,tabular,F03,42,1.7775836999644525,0.0009203000226989388,12,12,2945,SUCCESS,,744
WIND-H1-LSTM-NNV1-S42-F03,wind,1,lstm,sequence,F03,42,6.695889899972826,0.025698100042063743,12,12,5287,SUCCESS,,744
WIND-H1-GRU-NNV1-S42-F03,wind,1,gru,sequence,F03,42,12.314570599992294,0.0829469000454992,12,12,3975,SUCCESS,,744
WIND-H1-MLP-NNV1-S42-F04,wind,1,mlp,tabular,F04,42,1.9880987999495119,0.0008558999979868531,12,12,2945,SUCCESS,,744
WIND-H1-LSTM-NNV1-S42-F04,wind,1,lstm,sequence,F04,42,7.921601999958511,0.02715780003927648,12,12,5287,SUCCESS,,744
WIND-H1-GRU-NNV1-S42-F04,wind,1,gru,sequence,F04,42,13.808856799965724,0.10573110001860186,12,12,3975,SUCCESS,,744
WIND-H1-MLP-NNV1-S42-F05,wind,1,mlp,tabular,F05,42,2.2723304000101052,0.0013797999708913267,11,12,2945,SUCCESS,,720
WIND-H1-LSTM-NNV1-S42-F05,wind,1,lstm,sequence,F05,42,9.27544289996149,0.02334140002494678,12,12,5287,SUCCESS,,720
WIND-H1-GRU-NNV1-S42-F05,wind,1,gru,sequence,F05,42,15.89143790001981,0.09241289994679391,12,12,3975,SUCCESS,,720
WIND-H1-MLP-NNV1-S42-F06,wind,1,mlp,tabular,F06,42,2.6037666000192985,0.0007959000067785382,11,12,2945,SUCCESS,,744
WIND-H1-LSTM-NNV1-S42-F06,wind,1,lstm,sequence,F06,42,10.747249899955932,0.02883780002593994,12,12,5287,SUCCESS,,744
WIND-H1-GRU-NNV1-S42-F06,wind,1,gru,sequence,F06,42,17.29161659994861,0.07471140002598986,12,12,3975,SUCCESS,,744
WIND-H24-MLP-NNV1-S42-F01,wind,24,mlp,tabular,F01,42,0.687145599978976,0.0012458999990485609,3,7,2945,SUCCESS,,744
WIND-H24-MLP-NNV1-S123-F01,wind,24,mlp,tabular,F01,123,0.6079934999579564,0.0009851999930106103,2,6,2945,SUCCESS,,744
WIND-H24-MLP-NNV1-S2020-F01,wind,24,mlp,tabular,F01,2020,0.6584997000172734,0.0009277000208385289,3,7,2945,SUCCESS,,744
WIND-H24-MLP-NNV1-S2025-F01,wind,24,mlp,tabular,F01,2025,0.7152458000346087,0.0008973999647423625,4,8,2945,SUCCESS,,744
WIND-H24-MLP-NNV1-S31415-F01,wind,24,mlp,tabular,F01,31415,0.7716654000105336,0.0006725999992340803,4,8,2945,SUCCESS,,744
WIND-H24-LSTM-NNV1-S42-F01,wind,24,lstm,sequence,F01,42,3.484294699970633,0.024351400032173842,12,12,5287,SUCCESS,,744
WIND-H24-LSTM-NNV1-S123-F01,wind,24,lstm,sequence,F01,123,1.4625668000080623,0.02659470000071451,1,5,5287,SUCCESS,,744
WIND-H24-LSTM-NNV1-S2020-F01,wind,24,lstm,sequence,F01,2020,1.4517844999791123,0.024631000007502735,1,5,5287,SUCCESS,,744
WIND-H24-LSTM-NNV1-S2025-F01,wind,24,lstm,sequence,F01,2025,1.4373860000050627,0.023094700009096414,1,5,5287,SUCCESS,,744
WIND-H24-LSTM-NNV1-S31415-F01,wind,24,lstm,sequence,F01,31415,1.4550925000221469,0.024743899994064122,1,5,5287,SUCCESS,,744
WIND-H24-GRU-NNV1-S42-F01,wind,24,gru,sequence,F01,42,3.6037005000398494,0.09858960000565276,1,5,3975,SUCCESS,,744
WIND-H24-GRU-NNV1-S123-F01,wind,24,gru,sequence,F01,123,8.503553299990017,0.10762620001332834,12,12,3975,SUCCESS,,744
WIND-H24-GRU-NNV1-S2020-F01,wind,24,gru,sequence,F01,2020,8.492253300035372,0.07841919997008517,12,12,3975,SUCCESS,,744
WIND-H24-GRU-NNV1-S2025-F01,wind,24,gru,sequence,F01,2025,8.620427199988626,0.09168750001117587,12,12,3975,SUCCESS,,744
WIND-H24-GRU-NNV1-S31415-F01,wind,24,gru,sequence,F01,31415,8.446120199980214,0.10693349997745827,12,12,3975,SUCCESS,,744
WIND-H24-MLP-NNV1-S42-F02,wind,24,mlp,tabular,F02,42,0.6062990000355057,0.0009168999968096614,1,5,2945,SUCCESS,,720
WIND-H24-MLP-NNV1-S123-F02,wind,24,mlp,tabular,F02,123,1.47753090003971,0.0008737000171095133,12,12,2945,SUCCESS,,720
WIND-H24-MLP-NNV1-S2020-F02,wind,24,mlp,tabular,F02,2020,0.6216466999612749,0.0009444000315852463,1,5,2945,SUCCESS,,720
WIND-H24-MLP-NNV1-S2025-F02,wind,24,mlp,tabular,F02,2025,1.1775807000230998,0.0006662999512627721,6,10,2945,SUCCESS,,720
WIND-H24-MLP-NNV1-S31415-F02,wind,24,mlp,tabular,F02,31415,0.593897599959746,0.000832499994430691,1,5,2945,SUCCESS,,720
WIND-H24-LSTM-NNV1-S42-F02,wind,24,lstm,sequence,F02,42,4.7721934000146575,0.02850760001456365,12,12,5287,SUCCESS,,720
WIND-H24-LSTM-NNV1-S123-F02,wind,24,lstm,sequence,F02,123,4.795468600001186,0.023977299977559596,12,12,5287,SUCCESS,,720
WIND-H24-LSTM-NNV1-S2020-F02,wind,24,lstm,sequence,F02,2020,1.99161709996406,0.023509100021328777,1,5,5287,SUCCESS,,720
WIND-H24-LSTM-NNV1-S2025-F02,wind,24,lstm,sequence,F02,2025,4.786618200014345,0.023214799992274493,12,12,5287,SUCCESS,,720
WIND-H24-LSTM-NNV1-S31415-F02,wind,24,lstm,sequence,F02,31415,2.0162691000150517,0.023913599958177656,1,5,5287,SUCCESS,,720
WIND-H24-GRU-NNV1-S42-F02,wind,24,gru,sequence,F02,42,8.341130000015255,0.09884920000331476,5,9,3975,SUCCESS,,720
WIND-H24-GRU-NNV1-S123-F02,wind,24,gru,sequence,F02,123,11.04290919995401,0.10577780002495274,12,12,3975,SUCCESS,,720
WIND-H24-GRU-NNV1-S2020-F02,wind,24,gru,sequence,F02,2020,10.890509699995164,0.08570060000056401,12,12,3975,SUCCESS,,720
WIND-H24-GRU-NNV1-S2025-F02,wind,24,gru,sequence,F02,2025,10.935711800004356,0.09246309997979552,12,12,3975,SUCCESS,,720
WIND-H24-GRU-NNV1-S31415-F02,wind,24,gru,sequence,F02,31415,10.696284700010438,0.07738520001294091,12,12,3975,SUCCESS,,720
WIND-H24-MLP-NNV1-S42-F03,wind,24,mlp,tabular,F03,42,0.8652475000126287,0.0008354999590665102,2,6,2945,SUCCESS,,744
WIND-H24-MLP-NNV1-S123-F03,wind,24,mlp,tabular,F03,123,0.8588556000031531,0.000666900014039129,2,6,2945,SUCCESS,,744
WIND-H24-MLP-NNV1-S2020-F03,wind,24,mlp,tabular,F03,2020,0.898998299962841,0.0009357000235468149,2,6,2945,SUCCESS,,744
WIND-H24-MLP-NNV1-S2025-F03,wind,24,mlp,tabular,F03,2025,0.8590556000126526,0.0007227999740280211,2,6,2945,SUCCESS,,744
WIND-H24-MLP-NNV1-S31415-F03,wind,24,mlp,tabular,F03,31415,1.0070675000315532,0.0009172999998554587,3,7,2945,SUCCESS,,744
WIND-H24-LSTM-NNV1-S42-F03,wind,24,lstm,sequence,F03,42,6.618966600042768,0.02467919996706769,12,12,5287,SUCCESS,,744
WIND-H24-LSTM-NNV1-S123-F03,wind,24,lstm,sequence,F03,123,6.634086899983231,0.02409670001361519,12,12,5287,SUCCESS,,744
WIND-H24-LSTM-NNV1-S2020-F03,wind,24,lstm,sequence,F03,2020,6.739001899957657,0.026595500006806105,12,12,5287,SUCCESS,,744
WIND-H24-LSTM-NNV1-S2025-F03,wind,24,lstm,sequence,F03,2025,6.63824099994963,0.02359019999857992,12,12,5287,SUCCESS,,744
WIND-H24-LSTM-NNV1-S31415-F03,wind,24,lstm,sequence,F03,31415,6.784008099988569,0.02455460000783205,12,12,5287,SUCCESS,,744
WIND-H24-GRU-NNV1-S42-F03,wind,24,gru,sequence,F03,42,12.249885299999733,0.09652849996928126,12,12,3975,SUCCESS,,744
WIND-H24-GRU-NNV1-S123-F03,wind,24,gru,sequence,F03,123,12.314869900001213,0.08918819995597005,12,12,3975,SUCCESS,,744
WIND-H24-GRU-NNV1-S2020-F03,wind,24,gru,sequence,F03,2020,12.265052400005516,0.06994439999107271,12,12,3975,SUCCESS,,744
WIND-H24-GRU-NNV1-S2025-F03,wind,24,gru,sequence,F03,2025,14.01919479999924,0.14530739997280762,12,12,3975,SUCCESS,,744
WIND-H24-GRU-NNV1-S31415-F03,wind,24,gru,sequence,F03,31415,15.314425299991854,0.14044180000200868,12,12,3975,SUCCESS,,744
WIND-H24-MLP-NNV1-S42-F04,wind,24,mlp,tabular,F04,42,1.1575517000164837,0.0009042999590747058,1,5,2945,SUCCESS,,744
WIND-H24-MLP-NNV1-S123-F04,wind,24,mlp,tabular,F04,123,1.1378178999875672,0.001082700036931783,1,5,2945,SUCCESS,,744
WIND-H24-MLP-NNV1-S2020-F04,wind,24,mlp,tabular,F04,2020,1.3426557999919169,0.001073199964594096,2,6,2945,SUCCESS,,744
WIND-H24-MLP-NNV1-S2025-F04,wind,24,mlp,tabular,F04,2025,1.1092496000346728,0.0009884999599307775,1,5,2945,SUCCESS,,744
WIND-H24-MLP-NNV1-S31415-F04,wind,24,mlp,tabular,F04,31415,1.1433406999567524,0.001056100009009242,1,5,2945,SUCCESS,,744
WIND-H24-LSTM-NNV1-S42-F04,wind,24,lstm,sequence,F04,42,9.858582900022157,0.034911700000520796,12,12,5287,SUCCESS,,744
WIND-H24-LSTM-NNV1-S123-F04,wind,24,lstm,sequence,F04,123,9.70309999998426,0.03357719996711239,12,12,5287,SUCCESS,,744
WIND-H24-LSTM-NNV1-S2020-F04,wind,24,lstm,sequence,F04,2020,9.295480199973099,0.025434100010897964,12,12,5287,SUCCESS,,744
WIND-H24-LSTM-NNV1-S2025-F04,wind,24,lstm,sequence,F04,2025,9.337555499980226,0.03298600000562146,12,12,5287,SUCCESS,,744
WIND-H24-LSTM-NNV1-S31415-F04,wind,24,lstm,sequence,F04,31415,9.816070500004571,0.03456719999667257,12,12,5287,SUCCESS,,744
WIND-H24-GRU-NNV1-S42-F04,wind,24,gru,sequence,F04,42,17.389492799993604,0.14288569998461753,12,12,3975,SUCCESS,,744
WIND-H24-GRU-NNV1-S123-F04,wind,24,gru,sequence,F04,123,17.683597199968062,0.12275219999719411,12,12,3975,SUCCESS,,744
WIND-H24-GRU-NNV1-S2020-F04,wind,24,gru,sequence,F04,2020,18.280619500030298,0.14468179998220876,12,12,3975,SUCCESS,,744
WIND-H24-GRU-NNV1-S2025-F04,wind,24,gru,sequence,F04,2025,16.404196800023783,0.13498690002597868,12,12,3975,SUCCESS,,744
WIND-H24-GRU-NNV1-S31415-F04,wind,24,gru,sequence,F04,31415,18.051833300036378,0.14250139996875077,12,12,3975,SUCCESS,,744
WIND-H24-MLP-NNV1-S42-F05,wind,24,mlp,tabular,F05,42,1.6451783999800682,0.001020300027448684,2,6,2945,SUCCESS,,720
WIND-H24-MLP-NNV1-S123-F05,wind,24,mlp,tabular,F05,123,1.5888347000000067,0.0008814000175334513,2,6,2945,SUCCESS,,720
WIND-H24-MLP-NNV1-S2020-F05,wind,24,mlp,tabular,F05,2020,1.8499588999547996,0.0009252000018022954,3,7,2945,SUCCESS,,720
WIND-H24-MLP-NNV1-S2025-F05,wind,24,mlp,tabular,F05,2025,1.387491700006649,0.0010989999864250422,1,5,2945,SUCCESS,,720
WIND-H24-MLP-NNV1-S31415-F05,wind,24,mlp,tabular,F05,31415,1.9225085999933071,0.0010563000105321407,3,7,2945,SUCCESS,,720
WIND-H24-LSTM-NNV1-S42-F05,wind,24,lstm,sequence,F05,42,12.904151099966839,0.03369579999707639,12,12,5287,SUCCESS,,720
WIND-H24-LSTM-NNV1-S123-F05,wind,24,lstm,sequence,F05,123,9.82384510000702,0.02744059998076409,12,12,5287,SUCCESS,,720
WIND-H24-LSTM-NNV1-S2020-F05,wind,24,lstm,sequence,F05,2020,10.151356299989857,0.027987000008579344,12,12,5287,SUCCESS,,720
WIND-H24-LSTM-NNV1-S2025-F05,wind,24,lstm,sequence,F05,2025,9.53800359996967,0.02537550003034994,12,12,5287,SUCCESS,,720
WIND-H24-LSTM-NNV1-S31415-F05,wind,24,lstm,sequence,F05,31415,9.611437599989586,0.026791099982801825,12,12,5287,SUCCESS,,720
WIND-H24-GRU-NNV1-S42-F05,wind,24,gru,sequence,F05,42,16.628935499989893,0.10789929999737069,12,12,3975,SUCCESS,,720
WIND-H24-GRU-NNV1-S123-F05,wind,24,gru,sequence,F05,123,16.675962100038305,0.10584469995228574,12,12,3975,SUCCESS,,720
WIND-H24-GRU-NNV1-S2020-F05,wind,24,gru,sequence,F05,2020,16.794976699980907,0.10886180005036294,12,12,3975,SUCCESS,,720
WIND-H24-GRU-NNV1-S2025-F05,wind,24,gru,sequence,F05,2025,16.683088599995244,0.085751699982211,12,12,3975,SUCCESS,,720
WIND-H24-GRU-NNV1-S31415-F05,wind,24,gru,sequence,F05,31415,17.31689490005374,0.12646960001438856,12,12,3975,SUCCESS,,720
WIND-H24-MLP-NNV1-S42-F06,wind,24,mlp,tabular,F06,42,2.0754132000147365,0.0012370999902486801,3,7,2945,SUCCESS,,744
WIND-H24-MLP-NNV1-S123-F06,wind,24,mlp,tabular,F06,123,1.7343464000150561,0.0012664999812841415,2,6,2945,SUCCESS,,744
WIND-H24-MLP-NNV1-S2020-F06,wind,24,mlp,tabular,F06,2020,1.7602488999837078,0.0010620999964885414,2,6,2945,SUCCESS,,744
WIND-H24-MLP-NNV1-S2025-F06,wind,24,mlp,tabular,F06,2025,1.7914260999532416,0.001214599993545562,2,6,2945,SUCCESS,,744
WIND-H24-MLP-NNV1-S31415-F06,wind,24,mlp,tabular,F06,31415,1.790938600024674,0.0011251000105403364,2,6,2945,SUCCESS,,744
WIND-H24-LSTM-NNV1-S42-F06,wind,24,lstm,sequence,F06,42,12.998768000048585,0.033360700006596744,12,12,5287,SUCCESS,,744
WIND-H24-LSTM-NNV1-S123-F06,wind,24,lstm,sequence,F06,123,12.193805099988822,0.03330340003594756,12,12,5287,SUCCESS,,744
WIND-H24-LSTM-NNV1-S2020-F06,wind,24,lstm,sequence,F06,2020,12.53598659997806,0.03378009999869391,12,12,5287,SUCCESS,,744
WIND-H24-LSTM-NNV1-S2025-F06,wind,24,lstm,sequence,F06,2025,12.38427550002234,0.03443979995790869,12,12,5287,SUCCESS,,744
WIND-H24-LSTM-NNV1-S31415-F06,wind,24,lstm,sequence,F06,31415,12.536233699996956,0.03349319996777922,12,12,5287,SUCCESS,,744
WIND-H24-GRU-NNV1-S42-F06,wind,24,gru,sequence,F06,42,21.179723499983083,0.12683859997196123,12,12,3975,SUCCESS,,744
WIND-H24-GRU-NNV1-S123-F06,wind,24,gru,sequence,F06,123,21.61024260002887,0.13003579998621717,12,12,3975,SUCCESS,,744
WIND-H24-GRU-NNV1-S2020-F06,wind,24,gru,sequence,F06,2020,21.31228170002578,0.11539150000317022,12,12,3975,SUCCESS,,744
WIND-H24-GRU-NNV1-S2025-F06,wind,24,gru,sequence,F06,2025,21.29480939998757,0.11541979998582974,12,12,3975,SUCCESS,,744
WIND-H24-GRU-NNV1-S31415-F06,wind,24,gru,sequence,F06,31415,21.28060329996515,0.13001409999560565,12,12,3975,SUCCESS,,744
PV-H1-MLP-NNV1-S42-F01,pv,1,mlp,tabular,F01,42,1.0242257000063546,0.0005442999536171556,12,12,2945,SUCCESS,,744
PV-H1-LSTM-NNV1-S42-F01,pv,1,lstm,sequence,F01,42,4.228355300030671,0.031370599986985326,12,12,5287,SUCCESS,,744
PV-H1-GRU-NNV1-S42-F01,pv,1,gru,sequence,F01,42,10.82311610004399,0.1427170000388287,12,12,3975,SUCCESS,,744
PV-H1-MLP-NNV1-S42-F02,pv,1,mlp,tabular,F02,42,1.9941329000284895,0.0010565000120550394,11,12,2945,SUCCESS,,720
PV-H1-LSTM-NNV1-S42-F02,pv,1,lstm,sequence,F02,42,5.882738700020127,0.03355409996584058,12,12,5287,SUCCESS,,720
PV-H1-GRU-NNV1-S42-F02,pv,1,gru,sequence,F02,42,14.222576900036074,0.1406371999764815,12,12,3975,SUCCESS,,720
PV-H1-MLP-NNV1-S42-F03,pv,1,mlp,tabular,F03,42,2.384362999990117,0.0011704000062309206,10,12,2945,SUCCESS,,744
PV-H1-LSTM-NNV1-S42-F03,pv,1,lstm,sequence,F03,42,8.358999499992933,0.029748300032224506,12,12,5287,SUCCESS,,744
PV-H1-GRU-NNV1-S42-F03,pv,1,gru,sequence,F03,42,14.710254399979021,0.10710590000962839,12,12,3975,SUCCESS,,744
PV-H1-MLP-NNV1-S42-F04,pv,1,mlp,tabular,F04,42,2.221298000018578,0.0008343000081367791,11,12,2945,SUCCESS,,744
PV-H1-LSTM-NNV1-S42-F04,pv,1,lstm,sequence,F04,42,8.190494099981152,0.020635400025639683,12,12,5287,SUCCESS,,744
PV-H1-GRU-NNV1-S42-F04,pv,1,gru,sequence,F04,42,17.927707900002133,0.13194200000725687,12,12,3975,SUCCESS,,744
PV-H1-MLP-NNV1-S42-F05,pv,1,mlp,tabular,F05,42,3.1526099999900907,0.0010655000223778188,12,12,2945,SUCCESS,,720
PV-H1-LSTM-NNV1-S42-F05,pv,1,lstm,sequence,F05,42,12.753829799999949,0.04202580003766343,12,12,5287,SUCCESS,,720
PV-H1-GRU-NNV1-S42-F05,pv,1,gru,sequence,F05,42,19.96565810003085,0.12325790000613779,12,12,3975,SUCCESS,,720
PV-H1-MLP-NNV1-S42-F06,pv,1,mlp,tabular,F06,42,3.580932400014717,0.0009269999573007226,12,12,2945,SUCCESS,,744
PV-H1-LSTM-NNV1-S42-F06,pv,1,lstm,sequence,F06,42,13.004151300003286,0.05798979999963194,12,12,5287,SUCCESS,,744
PV-H1-GRU-NNV1-S42-F06,pv,1,gru,sequence,F06,42,21.613769499992486,0.12693839997518808,12,12,3975,SUCCESS,,744
PV-H24-MLP-NNV1-S42-F01,pv,24,mlp,tabular,F01,42,1.5083453999832273,0.0009521000320091844,10,12,2945,SUCCESS,,744
PV-H24-MLP-NNV1-S123-F01,pv,24,mlp,tabular,F01,123,1.480833999987226,0.0020734999561682343,11,12,2945,SUCCESS,,744
PV-H24-MLP-NNV1-S2020-F01,pv,24,mlp,tabular,F01,2020,1.2864494000095874,0.0009860999998636544,6,10,2945,SUCCESS,,744
PV-H24-MLP-NNV1-S2025-F01,pv,24,mlp,tabular,F01,2025,1.4671131999930367,0.0009545999928377569,8,12,2945,SUCCESS,,744
PV-H24-MLP-NNV1-S31415-F01,pv,24,mlp,tabular,F01,31415,1.2556888000108302,0.0010584999690763652,6,10,2945,SUCCESS,,744
PV-H24-LSTM-NNV1-S42-F01,pv,24,lstm,sequence,F01,42,4.235649400041439,0.0310514000011608,12,12,5287,SUCCESS,,744
PV-H24-LSTM-NNV1-S123-F01,pv,24,lstm,sequence,F01,123,4.2307696000207216,0.0306095999549143,12,12,5287,SUCCESS,,744
PV-H24-LSTM-NNV1-S2020-F01,pv,24,lstm,sequence,F01,2020,4.304662299982738,0.030063499987591058,12,12,5287,SUCCESS,,744
PV-H24-LSTM-NNV1-S2025-F01,pv,24,lstm,sequence,F01,2025,4.184713000024203,0.031166000000666827,12,12,5287,SUCCESS,,744
PV-H24-LSTM-NNV1-S31415-F01,pv,24,lstm,sequence,F01,31415,4.204232599993702,0.03351709997514263,12,12,5287,SUCCESS,,744
PV-H24-GRU-NNV1-S42-F01,pv,24,gru,sequence,F01,42,10.778076700051315,0.13476519996766,12,12,3975,SUCCESS,,744
PV-H24-GRU-NNV1-S123-F01,pv,24,gru,sequence,F01,123,11.1713723000139,0.12720340001396835,12,12,3975,SUCCESS,,744
PV-H24-GRU-NNV1-S2020-F01,pv,24,gru,sequence,F01,2020,10.919158999982756,0.13712099997792393,12,12,3975,SUCCESS,,744
PV-H24-GRU-NNV1-S2025-F01,pv,24,gru,sequence,F01,2025,11.059930199990049,0.13672599999699742,12,12,3975,SUCCESS,,744
PV-H24-GRU-NNV1-S31415-F01,pv,24,gru,sequence,F01,31415,10.927984600013588,0.13786289998097345,12,12,3975,SUCCESS,,744
PV-H24-MLP-NNV1-S42-F02,pv,24,mlp,tabular,F02,42,1.5746768999961205,0.0011208999785594642,6,10,2945,SUCCESS,,720
PV-H24-MLP-NNV1-S123-F02,pv,24,mlp,tabular,F02,123,1.8609830999630503,0.0010497000184841454,7,11,2945,SUCCESS,,720
PV-H24-MLP-NNV1-S2020-F02,pv,24,mlp,tabular,F02,2020,1.1067122000386007,0.0011003999970853329,3,7,2945,SUCCESS,,720
PV-H24-MLP-NNV1-S2025-F02,pv,24,mlp,tabular,F02,2025,1.1231183999916539,0.001386399962939322,3,7,2945,SUCCESS,,720
PV-H24-MLP-NNV1-S31415-F02,pv,24,mlp,tabular,F02,31415,0.9828470000065863,0.001017899950966239,2,6,2945,SUCCESS,,720
PV-H24-LSTM-NNV1-S42-F02,pv,24,lstm,sequence,F02,42,6.077564800041728,0.032899800047744066,12,12,5287,SUCCESS,,720
PV-H24-LSTM-NNV1-S123-F02,pv,24,lstm,sequence,F02,123,5.9019747999846,0.033882000017911196,12,12,5287,SUCCESS,,720
PV-H24-LSTM-NNV1-S2020-F02,pv,24,lstm,sequence,F02,2020,5.885516400041524,0.032084999955259264,12,12,5287,SUCCESS,,720
PV-H24-LSTM-NNV1-S2025-F02,pv,24,lstm,sequence,F02,2025,5.841811900027096,0.032504000002518296,12,12,5287,SUCCESS,,720
PV-H24-LSTM-NNV1-S31415-F02,pv,24,lstm,sequence,F02,31415,5.8336257000337355,0.033007899997755885,12,12,5287,SUCCESS,,720
PV-H24-GRU-NNV1-S42-F02,pv,24,gru,sequence,F02,42,13.81568330002483,0.1419017000007443,12,12,3975,SUCCESS,,720
PV-H24-GRU-NNV1-S123-F02,pv,24,gru,sequence,F02,123,13.722958399972413,0.1383229999919422,12,12,3975,SUCCESS,,720
PV-H24-GRU-NNV1-S2020-F02,pv,24,gru,sequence,F02,2020,13.746728400001302,0.1387255000299774,12,12,3975,SUCCESS,,720
PV-H24-GRU-NNV1-S2025-F02,pv,24,gru,sequence,F02,2025,13.681537900003605,0.133738300006371,12,12,3975,SUCCESS,,720
PV-H24-GRU-NNV1-S31415-F02,pv,24,gru,sequence,F02,31415,13.562164399947505,0.13363749999552965,12,12,3975,SUCCESS,,720
PV-H24-MLP-NNV1-S42-F03,pv,24,mlp,tabular,F03,42,1.1365660000010394,0.0009846999892033637,2,6,2945,SUCCESS,,744
PV-H24-MLP-NNV1-S123-F03,pv,24,mlp,tabular,F03,123,2.234103699971456,0.0010013999999500811,11,12,2945,SUCCESS,,744
PV-H24-MLP-NNV1-S2020-F03,pv,24,mlp,tabular,F03,2020,2.242961700016167,0.0011809999705292284,8,12,2945,SUCCESS,,744
PV-H24-MLP-NNV1-S2025-F03,pv,24,mlp,tabular,F03,2025,1.3211628000135534,0.0010360999731346965,3,7,2945,SUCCESS,,744
PV-H24-MLP-NNV1-S31415-F03,pv,24,mlp,tabular,F03,31415,1.1232512000133283,0.0011443999828770757,2,6,2945,SUCCESS,,744
PV-H24-LSTM-NNV1-S42-F03,pv,24,lstm,sequence,F03,42,8.212338999961503,0.03482020000228658,12,12,5287,SUCCESS,,744
PV-H24-LSTM-NNV1-S123-F03,pv,24,lstm,sequence,F03,123,7.957989300019108,0.03154739999445155,12,12,5287,SUCCESS,,744
PV-H24-LSTM-NNV1-S2020-F03,pv,24,lstm,sequence,F03,2020,7.954999199951999,0.03293790004681796,12,12,5287,SUCCESS,,744
PV-H24-LSTM-NNV1-S2025-F03,pv,24,lstm,sequence,F03,2025,7.935765600006562,0.033166399982292205,12,12,5287,SUCCESS,,744
PV-H24-LSTM-NNV1-S31415-F03,pv,24,lstm,sequence,F03,31415,8.000847199989948,0.03218239999841899,12,12,5287,SUCCESS,,744
PV-H24-GRU-NNV1-S42-F03,pv,24,gru,sequence,F03,42,15.253368899982888,0.13629009999567643,12,12,3975,SUCCESS,,744
PV-H24-GRU-NNV1-S123-F03,pv,24,gru,sequence,F03,123,15.606179900001734,0.12262450001435354,12,12,3975,SUCCESS,,744
PV-H24-GRU-NNV1-S2020-F03,pv,24,gru,sequence,F03,2020,15.319645199982915,0.13160540000535548,12,12,3975,SUCCESS,,744
PV-H24-GRU-NNV1-S2025-F03,pv,24,gru,sequence,F03,2025,15.545134399959352,0.1306777000427246,12,12,3975,SUCCESS,,744
PV-H24-GRU-NNV1-S31415-F03,pv,24,gru,sequence,F03,31415,15.202445600007195,0.12722890003351495,12,12,3975,SUCCESS,,744
PV-H24-MLP-NNV1-S42-F04,pv,24,mlp,tabular,F04,42,2.7016956000006758,0.0010136999771930277,12,12,2945,SUCCESS,,744
PV-H24-MLP-NNV1-S123-F04,pv,24,mlp,tabular,F04,123,2.6514891000115313,0.0008154999813996255,12,12,2945,SUCCESS,,744
PV-H24-MLP-NNV1-S2020-F04,pv,24,mlp,tabular,F04,2020,2.667110899987165,0.0009904999751597643,10,12,2945,SUCCESS,,744
PV-H24-MLP-NNV1-S2025-F04,pv,24,mlp,tabular,F04,2025,2.638190300029237,0.0010261000134050846,9,12,2945,SUCCESS,,744
PV-H24-MLP-NNV1-S31415-F04,pv,24,mlp,tabular,F04,31415,2.208410599967465,0.0010922999936155975,6,10,2945,SUCCESS,,744
PV-H24-LSTM-NNV1-S42-F04,pv,24,lstm,sequence,F04,42,10.137526599981356,0.036953300004824996,12,12,5287,SUCCESS,,744
PV-H24-LSTM-NNV1-S123-F04,pv,24,lstm,sequence,F04,123,9.693526300019585,0.030632499954663217,12,12,5287,SUCCESS,,744
PV-H24-LSTM-NNV1-S2020-F04,pv,24,lstm,sequence,F04,2020,9.710091800021473,0.03720409999368712,12,12,5287,SUCCESS,,744
PV-H24-LSTM-NNV1-S2025-F04,pv,24,lstm,sequence,F04,2025,9.776138100016396,0.04274289996828884,12,12,5287,SUCCESS,,744
PV-H24-LSTM-NNV1-S31415-F04,pv,24,lstm,sequence,F04,31415,10.261866600019857,0.03592629998456687,12,12,5287,SUCCESS,,744
PV-H24-GRU-NNV1-S42-F04,pv,24,gru,sequence,F04,42,17.57084559998475,0.1353272999986075,12,12,3975,SUCCESS,,744
PV-H24-GRU-NNV1-S123-F04,pv,24,gru,sequence,F04,123,17.84195439994801,0.13535960001172498,12,12,3975,SUCCESS,,744
PV-H24-GRU-NNV1-S2020-F04,pv,24,gru,sequence,F04,2020,17.503392399987206,0.1341476000379771,12,12,3975,SUCCESS,,744
PV-H24-GRU-NNV1-S2025-F04,pv,24,gru,sequence,F04,2025,17.540128500026185,0.12794340000255033,12,12,3975,SUCCESS,,744
PV-H24-GRU-NNV1-S31415-F04,pv,24,gru,sequence,F04,31415,17.42288179998286,0.13295110000763088,12,12,3975,SUCCESS,,744
PV-H24-MLP-NNV1-S42-F05,pv,24,mlp,tabular,F05,42,1.8216783000389114,0.0010662999702617526,3,7,2945,SUCCESS,,720
PV-H24-MLP-NNV1-S123-F05,pv,24,mlp,tabular,F05,123,2.2913782999967225,0.0009972000261768699,5,9,2945,SUCCESS,,720
PV-H24-MLP-NNV1-S2020-F05,pv,24,mlp,tabular,F05,2020,1.5254576999577694,0.0008295000297948718,2,6,2945,SUCCESS,,720
PV-H24-MLP-NNV1-S2025-F05,pv,24,mlp,tabular,F05,2025,1.5553163000149652,0.0010535999899730086,2,6,2945,SUCCESS,,720
PV-H24-MLP-NNV1-S31415-F05,pv,24,mlp,tabular,F05,31415,2.0407782000256702,0.001039499999023974,4,8,2945,SUCCESS,,720
PV-H24-LSTM-NNV1-S42-F05,pv,24,lstm,sequence,F05,42,11.489973700023256,0.031501299992669374,12,12,5287,SUCCESS,,720
PV-H24-LSTM-NNV1-S123-F05,pv,24,lstm,sequence,F05,123,11.198749399976805,0.03344560001278296,12,12,5287,SUCCESS,,720
PV-H24-LSTM-NNV1-S2020-F05,pv,24,lstm,sequence,F05,2020,11.183889600040857,0.035338599991519004,12,12,5287,SUCCESS,,720
PV-H24-LSTM-NNV1-S2025-F05,pv,24,lstm,sequence,F05,2025,11.274383700045291,0.034132500004488975,12,12,5287,SUCCESS,,720
PV-H24-LSTM-NNV1-S31415-F05,pv,24,lstm,sequence,F05,31415,11.199732100008987,0.03290240000933409,12,12,5287,SUCCESS,,720
PV-H24-GRU-NNV1-S42-F05,pv,24,gru,sequence,F05,42,19.880577700037975,0.12863389996346086,12,12,3975,SUCCESS,,720
PV-H24-GRU-NNV1-S123-F05,pv,24,gru,sequence,F05,123,19.844958000001498,0.12504879996413365,12,12,3975,SUCCESS,,720
PV-H24-GRU-NNV1-S2020-F05,pv,24,gru,sequence,F05,2020,19.886889300018083,0.1271993000409566,12,12,3975,SUCCESS,,720
PV-H24-GRU-NNV1-S2025-F05,pv,24,gru,sequence,F05,2025,20.280479300010484,0.12251309998100623,12,12,3975,SUCCESS,,720
PV-H24-GRU-NNV1-S31415-F05,pv,24,gru,sequence,F05,31415,19.86263740004506,0.1255020000389777,12,12,3975,SUCCESS,,720
PV-H24-MLP-NNV1-S42-F06,pv,24,mlp,tabular,F06,42,3.7237865999923088,0.0013807000359520316,8,12,2945,SUCCESS,,744
PV-H24-MLP-NNV1-S123-F06,pv,24,mlp,tabular,F06,123,3.5520938000408933,0.0010889999684877694,11,12,2945,SUCCESS,,744
PV-H24-MLP-NNV1-S2020-F06,pv,24,mlp,tabular,F06,2020,3.3947378000011668,0.000991599983535707,12,12,2945,SUCCESS,,744
PV-H24-MLP-NNV1-S2025-F06,pv,24,mlp,tabular,F06,2025,3.1937402000185102,0.0009686999837867916,7,11,2945,SUCCESS,,744
PV-H24-MLP-NNV1-S31415-F06,pv,24,mlp,tabular,F06,31415,2.598089700040873,0.0011408999562263489,5,9,2945,SUCCESS,,744
PV-H24-LSTM-NNV1-S42-F06,pv,24,lstm,sequence,F06,42,12.848680900002364,0.03611980000277981,12,12,5287,SUCCESS,,744
PV-H24-LSTM-NNV1-S123-F06,pv,24,lstm,sequence,F06,123,12.58622750005452,0.03686680004466325,12,12,5287,SUCCESS,,744
PV-H24-LSTM-NNV1-S2020-F06,pv,24,lstm,sequence,F06,2020,12.660776500008069,0.03980229998705909,12,12,5287,SUCCESS,,744
PV-H24-LSTM-NNV1-S2025-F06,pv,24,lstm,sequence,F06,2025,12.508602099958807,0.03342550003435463,12,12,5287,SUCCESS,,744
PV-H24-LSTM-NNV1-S31415-F06,pv,24,lstm,sequence,F06,31415,12.666001400037203,0.033629999961704016,12,12,5287,SUCCESS,,744
PV-H24-GRU-NNV1-S42-F06,pv,24,gru,sequence,F06,42,21.327486599970143,0.1321690000477247,12,12,3975,SUCCESS,,744
PV-H24-GRU-NNV1-S123-F06,pv,24,gru,sequence,F06,123,21.40366750000976,0.12739009998040274,12,12,3975,SUCCESS,,744
PV-H24-GRU-NNV1-S2020-F06,pv,24,gru,sequence,F06,2020,21.48583459999645,0.1300347000360489,12,12,3975,SUCCESS,,744
PV-H24-GRU-NNV1-S2025-F06,pv,24,gru,sequence,F06,2025,21.354007500049192,0.12174419994698837,12,12,3975,SUCCESS,,744
PV-H24-GRU-NNV1-S31415-F06,pv,24,gru,sequence,F06,31415,21.24532410001848,0.1318248999887146,12,12,3975,SUCCESS,,744
