actual,alpha,prediction_baseline,prediction_blended,prediction_frozen,timestamp
0.0,0.5,0.0,0.0233585,0.046717,2020-11-01 00:00:00
0.0,0.5,0.0,0.0233585,0.046717,2020-11-01 01:00:00
0.0,0.5,0.0,0.0233585,0.046717,2020-11-01 02:00:00
0.0,0.5,0.0,0.0233585,0.046717,2020-11-01 03:00:00
0.0,0.5,0.0,0.0233585,0.046717,2020-11-01 04:00:00
0.0,0.5,0.0,0.0233585,0.046717,2020-11-01 05:00:00
136.241667,0.5,146.616667,159.49321600000002,172.369765,2020-11-01 06:00:00
732.608333,0.5,725.85,673.2981835,620.746367,2020-11-01 07:00:00
1016.258333,0.5,982.775,971.476264,960.177528,2020-11-01 08:00:00
1139.916667,0.5,1062.1,1050.698155,1039.29631,2020-11-01 09:00:00
1163.425,0.5,1072.283333,1081.9448630000002,1091.606393,2020-11-01 10:00:00
1153.441667,0.5,1103.033333,1098.2621955,1093.491058,2020-11-01 11:00:00
1145.241667,0.5,1070.333333,1083.2680735,1096.202814,2020-11-01 12:00:00
1119.741667,0.5,1039.325,1057.4280595,1075.531119,2020-11-01 13:00:00
1019.8,0.5,1017.941667,1003.6535985,989.36553,2020-11-01 14:00:00
777.116667,0.5,759.783333,756.4114155,753.039498,2020-11-01 15:00:00
185.508333,0.5,159.525,211.848231,264.171462,2020-11-01 16:00:00
0.0,0.5,0.0,0.1636565,0.327313,2020-11-01 17:00:00
0.0,0.5,0.0,0.0233585,0.046717,2020-11-01 18:00:00
0.0,0.5,0.0,0.0233585,0.046717,2020-11-01 19:00:00
0.0,0.5,0.0,0.0233585,0.046717,2020-11-01 20:00:00
0.0,0.5,0.0,0.0233585,0.046717,2020-11-01 21:00:00
0.0,0.5,0.0,0.0233585,0.046717,2020-11-01 22:00:00
0.0,0.5,0.0,0.0233585,0.046717,2020-11-01 23:00:00
0.0,0.5,0.0,0.0233585,0.046717,2020-11-02 00:00:00
0.0,0.5,0.0,0.0233585,0.046717,2020-11-02 01:00:00
0.0,0.5,0.0,0.0233585,0.046717,2020-11-02 02:00:00
0.0,0.5,0.0,0.0233585,0.046717,2020-11-02 03:00:00
0.0,0.5,0.0,0.0233585,0.046717,2020-11-02 04:00:00
0.0,0.5,0.0,0.0233585,0.046717,2020-11-02 05:00:00
142.008333,0.5,136.241667,156.10968200000002,175.977697,2020-11-02 06:00:00
751.233333,0.5,732.608333,666.658101,600.707869,2020-11-02 07:00:00
1020.258333,0.5,1016.258333,976.0799495,935.901566,2020-11-02 08:00:00
1100.291667,0.5,1139.916667,1093.6795995,1047.442532,2020-11-02 09:00:00
1143.8,0.5,1163.425,1123.019926,1082.614852,2020-11-02 10:00:00
1167.425,0.5,1153.441667,1127.117937,1100.794207,2020-11-02 11:00:00
1161.666667,0.5,1145.241667,1114.218768,1083.195869,2020-11-02 12:00:00
1123.733333,0.5,1119.741667,1097.561827,1075.381987,2020-11-02 13:00:00
985.658333,0.5,1019.8,1007.9512255,996.102451,2020-11-02 14:00:00
697.408333,0.5,777.116667,757.8121195,738.507572,2020-11-02 15:00:00
143.0,0.5,185.508333,218.7696475,252.030962,2020-11-02 16:00:00
0.0,0.5,0.0,0.20079,0.40158,2020-11-02 17:00:00
0.0,0.5,0.0,0.0233585,0.046717,2020-11-02 18:00:00
0.0,0.5,0.0,0.0233585,0.046717,2020-11-02 19:00:00
0.0,0.5,0.0,0.0233585,0.046717,2020-11-02 20:00:00
0.0,0.5,0.0,0.0233585,0.046717,2020-11-02 21:00:00
0.0,0.5,0.0,0.0233585,0.046717,2020-11-02 22:00:00
0.0,0.5,0.0,0.0233585,0.046717,2020-11-02 23:00:00
0.0,0.5,0.0,0.0233585,0.046717,2020-11-03 00:00:00
0.0,0.5,0.0,0.0233585,0.046717,2020-11-03 01:00:00
0.0,0.5,0.0,0.0233585,0.046717,2020-11-03 02:00:00
0.0,0.5,0.0,0.0233585,0.046717,2020-11-03 03:00:00
0.0,0.5,0.0,0.0233585,0.046717,2020-11-03 04:00:00
0.0,0.5,0.0,0.0233585,0.046717,2020-11-03 05:00:00
132.55,0.5,142.008333,121.9095125,101.810692,2020-11-03 06:00:00
753.408333,0.5,751.233333,666.9613245,582.689316,2020-11-03 07:00:00
1013.358333,0.5,1020.258333,993.3894735,966.520614,2020-11-03 08:00:00
1100.666667,0.5,1100.291667,1081.6740135,1063.05636,2020-11-03 09:00:00
1119.491667,0.5,1143.8,1117.244337,1090.688674,2020-11-03 10:00:00
1131.85,0.5,1167.425,1129.760537,1092.096074,2020-11-03 11:00:00
1128.5,0.5,1161.666667,1126.0939250000001,1090.521183,2020-11-03 12:00:00
1108.125,0.5,1123.733333,1106.3015664999998,1088.8698,2020-11-03 13:00:00
1033.908333,0.5,985.658333,989.776046,993.893759,2020-11-03 14:00:00
756.9,0.5,697.408333,732.934252,768.460171,2020-11-03 15:00:00
129.766667,0.5,143.0,191.9885955,240.977191,2020-11-03 16:00:00
0.0,0.5,0.0,0.8396425,1.679285,2020-11-03 17:00:00
0.0,0.5,0.0,0.0233585,0.046717,2020-11-03 18:00:00
0.0,0.5,0.0,0.0233585,0.046717,2020-11-03 19:00:00
0.0,0.5,0.0,0.0233585,0.046717,2020-11-03 20:00:00
0.0,0.5,0.0,0.0233585,0.046717,2020-11-03 21:00:00
0.0,0.5,0.0,0.0233585,0.046717,2020-11-03 22:00:00
0.0,0.5,0.0,0.0233585,0.046717,2020-11-03 23:00:00
0.0,0.5,0.0,0.0233585,0.046717,2020-11-04 00:00:00
0.0,0.5,0.0,0.0233585,0.046717,2020-11-04 01:00:00
0.0,0.5,0.0,0.0233585,0.046717,2020-11-04 02:00:00
0.0,0.5,0.0,0.0233585,0.046717,2020-11-04 03:00:00
0.0,0.5,0.0,0.0233585,0.046717,2020-11-04 04:00:00
0.0,0.5,0.0,0.0233585,0.046717,2020-11-04 05:00:00
91.866667,0.5,132.55,139.731323,146.912646,2020-11-04 06:00:00
536.416667,0.5,753.408333,673.5205424999999,593.632752,2020-11-04 07:00:00
859.25,0.5,1013.358333,979.869184,946.380035,2020-11-04 08:00:00
970.691667,0.5,1100.666667,1068.2925030000001,1035.918339,2020-11-04 09:00:00
1027.283333,0.5,1119.491667,1093.683792,1067.875917,2020-11-04 10:00:00
1017.6,0.5,1131.85,1107.711401,1083.572802,2020-11-04 11:00:00
1026.258333,0.5,1128.5,1105.5909609999999,1082.681922,2020-11-04 12:00:00
1017.125,0.5,1108.125,1093.1608985,1078.196797,2020-11-04 13:00:00
996.2,0.5,1033.908333,1005.1889635,976.469594,2020-11-04 14:00:00
753.883333,0.5,756.9,778.5895725,800.279145,2020-11-04 15:00:00
142.475,0.5,129.766667,182.1588815,234.551096,2020-11-04 16:00:00
0.0,0.5,0.0,0.1526845,0.305369,2020-11-04 17:00:00
0.0,0.5,0.0,0.0233585,0.046717,2020-11-04 18:00:00
0.0,0.5,0.0,0.0233585,0.046717,2020-11-04 19:00:00
0.0,0.5,0.0,0.0233585,0.046717,2020-11-04 20:00:00
0.0,0.5,0.0,0.0233585,0.046717,2020-11-04 21:00:00
0.0,0.5,0.0,0.0233585,0.046717,2020-11-04 22:00:00
0.0,0.5,0.0,0.0233585,0.046717,2020-11-04 23:00:00
0.0,0.5,0.0,0.0233585,0.046717,2020-11-05 00:00:00
0.0,0.5,0.0,0.0233585,0.046717,2020-11-05 01:00:00
0.0,0.5,0.0,0.0233585,0.046717,2020-11-05 02:00:00
0.0,0.5,0.0,0.0233585,0.046717,2020-11-05 03:00:00
0.0,0.5,0.0,0.0233585,0.046717,2020-11-05 04:00:00
0.0,0.5,0.0,0.0233585,0.046717,2020-11-05 05:00:00
59.0,0.5,91.866667,124.70565500000001,157.544643,2020-11-05 06:00:00
484.133333,0.5,536.416667,573.102774,609.788881,2020-11-05 07:00:00
726.35,0.5,859.25,853.95155,848.6531,2020-11-05 08:00:00
905.091667,0.5,970.691667,995.5994315,1020.507196,2020-11-05 09:00:00
960.9,0.5,1027.283333,1037.4889520000002,1047.694571,2020-11-05 10:00:00
1051.1,0.5,1017.6,1039.336246,1061.072492,2020-11-05 11:00:00
1092.041667,0.5,1026.258333,1046.0374885,1065.816644,2020-11-05 12:00:00
1054.283333,0.5,1017.125,1040.1250694999999,1063.125139,2020-11-05 13:00:00
983.45,0.5,996.2,1007.0507715,1017.901543,2020-11-05 14:00:00
727.516667,0.5,753.883333,761.6308305,769.378328,2020-11-05 15:00:00
173.458333,0.5,142.475,192.18247350000001,241.889947,2020-11-05 16:00:00
0.0,0.5,0.0,0.8396425,1.679285,2020-11-05 17:00:00
0.0,0.5,0.0,0.0233585,0.046717,2020-11-05 18:00:00
0.0,0.5,0.0,0.0233585,0.046717,2020-11-05 19:00:00
0.0,0.5,0.0,0.0233585,0.046717,2020-11-05 20:00:00
0.0,0.5,0.0,0.0233585,0.046717,2020-11-05 21:00:00
0.0,0.5,0.0,0.0233585,0.046717,2020-11-05 22:00:00
0.0,0.5,0.0,0.0233585,0.046717,2020-11-05 23:00:00
0.0,0.5,0.0,0.0233585,0.046717,2020-11-06 00:00:00
0.0,0.5,0.0,0.0233585,0.046717,2020-11-06 01:00:00
0.0,0.5,0.0,0.0233585,0.046717,2020-11-06 02:00:00
0.0,0.5,0.0,0.0233585,0.046717,2020-11-06 03:00:00
0.0,0.5,0.0,0.0233585,0.046717,2020-11-06 04:00:00
0.0,0.5,0.0,0.0233585,0.046717,2020-11-06 05:00:00
120.333333,0.5,59.0,90.9911735,122.982347,2020-11-06 06:00:00
730.925,0.5,484.133333,543.5627784999999,602.992224,2020-11-06 07:00:00
986.558333,0.5,726.35,792.5022415000001,858.654483,2020-11-06 08:00:00
1058.425,0.5,905.091667,971.5082850000001,1037.924903,2020-11-06 09:00:00
1074.8,0.5,960.9,997.688977,1034.477954,2020-11-06 10:00:00
1009.341667,0.5,1051.1,1024.7683499999998,998.4367,2020-11-06 11:00:00
845.05,0.5,1092.041667,1052.8113005,1013.580934,2020-11-06 12:00:00
695.808333,0.5,1054.283333,1047.0032415,1039.72315,2020-11-06 13:00:00
704.858333,0.5,983.45,982.4303130000001,981.410626,2020-11-06 14:00:00
579.291667,0.5,727.516667,754.032397,780.548127,2020-11-06 15:00:00
108.25,0.5,173.458333,205.9762545,238.494176,2020-11-06 16:00:00
0.0,0.5,0.0,1.6813845,3.362769,2020-11-06 17:00:00
0.0,0.5,0.0,0.0233585,0.046717,2020-11-06 18:00:00
0.0,0.5,0.0,0.0233585,0.046717,2020-11-06 19:00:00
0.0,0.5,0.0,0.0233585,0.046717,2020-11-06 20:00:00
0.0,0.5,0.0,0.0233585,0.046717,2020-11-06 21:00:00
0.0,0.5,0.0,0.0233585,0.046717,2020-11-06 22:00:00
0.0,0.5,0.0,0.0233585,0.046717,2020-11-06 23:00:00
0.0,0.5,0.0,0.0233585,0.046717,2020-11-07 00:00:00
0.0,0.5,0.0,0.0233585,0.046717,2020-11-07 01:00:00
0.0,0.5,0.0,0.0233585,0.046717,2020-11-07 02:00:00
0.0,0.5,0.0,0.0233585,0.046717,2020-11-07 03:00:00
0.0,0.5,0.0,0.0233585,0.046717,2020-11-07 04:00:00
0.0,0.5,0.0,0.0233585,0.046717,2020-11-07 05:00:00
123.75,0.5,120.333333,115.668578,111.003823,2020-11-07 06:00:00
729.058333,0.5,730.925,675.913923,620.902846,2020-11-07 07:00:00
997.158333,0.5,986.558333,932.0253285,877.492324,2020-11-07 08:00:00
1090.666667,0.5,1058.425,1007.95919,957.49338,2020-11-07 09:00:00
1120.158333,0.5,1074.8,1042.7075255,1010.615051,2020-11-07 10:00:00
1127.366667,0.5,1009.341667,1037.21797,1065.094273,2020-11-07 11:00:00
1110.225,0.5,845.05,938.414188,1031.778376,2020-11-07 12:00:00
1088.508333,0.5,695.808333,851.928142,1008.047951,2020-11-07 13:00:00
1011.858333,0.5,704.858333,822.5392465,940.22016,2020-11-07 14:00:00
697.716667,0.5,579.291667,660.228276,741.164885,2020-11-07 15:00:00
113.808333,0.5,108.25,153.4395015,198.629003,2020-11-07 16:00:00
0.0,0.5,0.0,0.0254995,0.050999,2020-11-07 17:00:00
0.0,0.5,0.0,0.0233585,0.046717,2020-11-07 18:00:00
0.0,0.5,0.0,0.0233585,0.046717,2020-11-07 19:00:00
0.0,0.5,0.0,0.0233585,0.046717,2020-11-07 20:00:00
0.0,0.5,0.0,0.0233585,0.046717,2020-11-07 21:00:00
0.0,0.5,0.0,0.0233585,0.046717,2020-11-07 22:00:00
0.0,0.5,0.0,0.0233585,0.046717,2020-11-07 23:00:00
0.0,0.5,0.0,0.0233585,0.046717,2020-11-08 00:00:00
0.0,0.5,0.0,0.0233585,0.046717,2020-11-08 01:00:00
0.0,0.5,0.0,0.0233585,0.046717,2020-11-08 02:00:00
0.0,0.5,0.0,0.0233585,0.046717,2020-11-08 03:00:00
0.0,0.5,0.0,0.0233585,0.046717,2020-11-08 04:00:00
0.0,0.5,0.0,0.0233585,0.046717,2020-11-08 05:00:00
94.541667,0.5,123.75,132.61456800000002,141.479136,2020-11-08 06:00:00
673.816667,0.5,729.058333,672.9871455,616.915958,2020-11-08 07:00:00
931.141667,0.5,997.158333,969.020749,940.883165,2020-11-08 08:00:00
1041.616667,0.5,1090.666667,1063.6152045,1036.563742,2020-11-08 09:00:00
1062.708333,0.5,1120.158333,1094.3867774999999,1068.615222,2020-11-08 10:00:00
1089.566667,0.5,1127.366667,1088.075051,1048.783435,2020-11-08 11:00:00
1073.575,0.5,1110.225,1085.6214995,1061.017999,2020-11-08 12:00:00
1001.35,0.5,1088.508333,1045.3585845,1002.208836,2020-11-08 13:00:00
933.383333,0.5,1011.858333,1010.635176,1009.412019,2020-11-08 14:00:00
650.891667,0.5,697.716667,732.655251,767.593835,2020-11-08 15:00:00
89.325,0.5,113.808333,151.2079065,188.60748,2020-11-08 16:00:00
0.0,0.5,0.0,0.5923895,1.184779,2020-11-08 17:00:00
0.0,0.5,0.0,0.0233585,0.046717,2020-11-08 18:00:00
0.0,0.5,0.0,0.0233585,0.046717,2020-11-08 19:00:00
0.0,0.5,0.0,0.0233585,0.046717,2020-11-08 20:00:00
0.0,0.5,0.0,0.0233585,0.046717,2020-11-08 21:00:00
0.0,0.5,0.0,0.0233585,0.046717,2020-11-08 22:00:00
0.0,0.5,0.0,0.0233585,0.046717,2020-11-08 23:00:00
0.0,0.5,0.0,0.0233585,0.046717,2020-11-09 00:00:00
0.0,0.5,0.0,0.0233585,0.046717,2020-11-09 01:00:00
0.0,0.5,0.0,0.0233585,0.046717,2020-11-09 02:00:00
0.0,0.5,0.0,0.0233585,0.046717,2020-11-09 03:00:00
0.0,0.5,0.0,0.0233585,0.046717,2020-11-09 04:00:00
0.0,0.5,0.0,0.0233585,0.046717,2020-11-09 05:00:00
118.091667,0.5,94.541667,118.74534249999999,142.949018,2020-11-09 06:00:00
719.858333,0.5,673.816667,644.939302,616.061937,2020-11-09 07:00:00
986.375,0.5,931.141667,907.0386525,882.935638,2020-11-09 08:00:00
1078.033333,0.5,1041.616667,1032.761499,1023.906331,2020-11-09 09:00:00
1112.758333,0.5,1062.708333,1060.0378605,1057.367388,2020-11-09 10:00:00
1115.175,0.5,1089.566667,1090.4462815000002,1091.325896,2020-11-09 11:00:00
1081.866667,0.5,1073.575,1081.6459610000002,1089.716922,2020-11-09 12:00:00
1045.591667,0.5,1001.35,1039.8377525,1078.325505,2020-11-09 13:00:00
956.7,0.5,933.383333,953.8202295,974.257126,2020-11-09 14:00:00
699.75,0.5,650.891667,683.4069910000001,715.922315,2020-11-09 15:00:00
106.9,0.5,89.325,155.527627,221.730254,2020-11-09 16:00:00
0.0,0.5,0.0,0.0254365,0.050873,2020-11-09 17:00:00
0.0,0.5,0.0,0.0233585,0.046717,2020-11-09 18:00:00
0.0,0.5,0.0,0.0233585,0.046717,2020-11-09 19:00:00
0.0,0.5,0.0,0.0233585,0.046717,2020-11-09 20:00:00
0.0,0.5,0.0,0.0233585,0.046717,2020-11-09 21:00:00
0.0,0.5,0.0,0.0233585,0.046717,2020-11-09 22:00:00
0.0,0.5,0.0,0.0233585,0.046717,2020-11-09 23:00:00
0.0,0.5,0.0,0.0233585,0.046717,2020-11-10 00:00:00
0.0,0.5,0.0,0.0233585,0.046717,2020-11-10 01:00:00
0.0,0.5,0.0,0.0233585,0.046717,2020-11-10 02:00:00
0.0,0.5,0.0,0.0233585,0.046717,2020-11-10 03:00:00
0.0,0.5,0.0,0.0233585,0.046717,2020-11-10 04:00:00
0.0,0.5,0.0,0.0233585,0.046717,2020-11-10 05:00:00
103.45,0.5,118.091667,120.6295905,123.167514,2020-11-10 06:00:00
701.191667,0.5,719.858333,666.5309855,613.203638,2020-11-10 07:00:00
958.283333,0.5,986.375,931.893176,877.411352,2020-11-10 08:00:00
1061.1,0.5,1078.033333,1049.1445410000001,1020.255749,2020-11-10 09:00:00
1070.608333,0.5,1112.758333,1093.107082,1073.455831,2020-11-10 10:00:00
1053.041667,0.5,1115.175,1100.259457,1085.343914,2020-11-10 11:00:00
1051.008333,0.5,1081.866667,1080.0262095,1078.185752,2020-11-10 12:00:00
972.383333,0.5,1045.591667,1035.4254114999999,1025.259156,2020-11-10 13:00:00
928.008333,0.5,956.7,964.788672,972.877344,2020-11-10 14:00:00
683.05,0.5,699.75,722.9690155000001,746.188031,2020-11-10 15:00:00
121.383333,0.5,106.9,146.60403250000002,186.308065,2020-11-10 16:00:00
0.0,0.5,0.0,0.0254995,0.050999,2020-11-10 17:00:00
0.0,0.5,0.0,0.0233585,0.046717,2020-11-10 18:00:00
0.0,0.5,0.0,0.0233585,0.046717,2020-11-10 19:00:00
0.0,0.5,0.0,0.0233585,0.046717,2020-11-10 20:00:00
0.0,0.5,0.0,0.0233585,0.046717,2020-11-10 21:00:00
0.0,0.5,0.0,0.0233585,0.046717,2020-11-10 22:00:00
0.0,0.5,0.0,0.0233585,0.046717,2020-11-10 23:00:00
0.0,0.5,0.0,0.0233585,0.046717,2020-11-11 00:00:00
0.0,0.5,0.0,0.0233585,0.046717,2020-11-11 01:00:00
0.0,0.5,0.0,0.0233585,0.046717,2020-11-11 02:00:00
0.0,0.5,0.0,0.0233585,0.046717,2020-11-11 03:00:00
0.0,0.5,0.0,0.0233585,0.046717,2020-11-11 04:00:00
0.0,0.5,0.0,0.0233585,0.046717,2020-11-11 05:00:00
86.225,0.5,103.45,118.5134885,133.576977,2020-11-11 06:00:00
686.25,0.5,701.191667,657.1287945,613.065922,2020-11-11 07:00:00
972.725,0.5,958.283333,950.1871329999999,942.090933,2020-11-11 08:00:00
1078.116667,0.5,1061.1,1043.0735734999998,1025.047147,2020-11-11 09:00:00
1115.166667,0.5,1070.608333,1075.7493829999999,1080.890433,2020-11-11 10:00:00
1117.991667,0.5,1053.041667,1072.662147,1092.282627,2020-11-11 11:00:00
1104.516667,0.5,1051.008333,1059.675409,1068.342485,2020-11-11 12:00:00
1067.8,0.5,972.383333,1011.864494,1051.345655,2020-11-11 13:00:00
948.258333,0.5,928.008333,946.6123345,965.216336,2020-11-11 14:00:00
690.966667,0.5,683.05,699.5383245,716.026649,2020-11-11 15:00:00
125.316667,0.5,121.383333,133.4665905,145.549848,2020-11-11 16:00:00
0.0,0.5,0.0,0.138948,0.277896,2020-11-11 17:00:00
0.0,0.5,0.0,0.0233585,0.046717,2020-11-11 18:00:00
0.0,0.5,0.0,0.0233585,0.046717,2020-11-11 19:00:00
0.0,0.5,0.0,0.0233585,0.046717,2020-11-11 20:00:00
0.0,0.5,0.0,0.0233585,0.046717,2020-11-11 21:00:00
0.0,0.5,0.0,0.0233585,0.046717,2020-11-11 22:00:00
0.0,0.5,0.0,0.0233585,0.046717,2020-11-11 23:00:00
0.0,0.5,0.0,0.0233585,0.046717,2020-11-12 00:00:00
0.0,0.5,0.0,0.0233585,0.046717,2020-11-12 01:00:00
0.0,0.5,0.0,0.0233585,0.046717,2020-11-12 02:00:00
0.0,0.5,0.0,0.0233585,0.046717,2020-11-12 03:00:00
0.0,0.5,0.0,0.0233585,0.046717,2020-11-12 04:00:00
0.0,0.5,0.0,0.0233585,0.046717,2020-11-12 05:00:00
93.825,0.5,86.225,91.9633185,97.701637,2020-11-12 06:00:00
710.825,0.5,686.25,630.5109735,574.771947,2020-11-12 07:00:00
1015.658333,0.5,972.725,933.9960125,895.267025,2020-11-12 08:00:00
1123.225,0.5,1078.116667,1056.237016,1034.357365,2020-11-12 09:00:00
1142.658333,0.5,1115.166667,1080.7249055,1046.283144,2020-11-12 10:00:00
1139.291667,0.5,1117.991667,1066.038217,1014.084767,2020-11-12 11:00:00
1117.783333,0.5,1104.516667,1061.6156425,1018.714618,2020-11-12 12:00:00
1064.733333,0.5,1067.8,1027.7397415,987.679483,2020-11-12 13:00:00
982.925,0.5,948.258333,962.6650665,977.0718,2020-11-12 14:00:00
713.55,0.5,690.966667,724.2415975,757.516528,2020-11-12 15:00:00
108.025,0.5,125.316667,179.961589,234.606511,2020-11-12 16:00:00
0.0,0.5,0.0,0.1525885,0.305177,2020-11-12 17:00:00
0.0,0.5,0.0,0.0233585,0.046717,2020-11-12 18:00:00
0.0,0.5,0.0,0.0233585,0.046717,2020-11-12 19:00:00
0.0,0.5,0.0,0.0233585,0.046717,2020-11-12 20:00:00
0.0,0.5,0.0,0.0233585,0.046717,2020-11-12 21:00:00
0.0,0.5,0.0,0.0233585,0.046717,2020-11-12 22:00:00
0.0,0.5,0.0,0.0233585,0.046717,2020-11-12 23:00:00
0.0,0.5,0.0,0.0233585,0.046717,2020-11-13 00:00:00
0.0,0.5,0.0,0.0233585,0.046717,2020-11-13 01:00:00
0.0,0.5,0.0,0.0233585,0.046717,2020-11-13 02:00:00
0.0,0.5,0.0,0.0233585,0.046717,2020-11-13 03:00:00
0.0,0.5,0.0,0.0233585,0.046717,2020-11-13 04:00:00
0.0,0.5,0.0,0.0233585,0.046717,2020-11-13 05:00:00
91.641667,0.5,93.825,85.93981,78.05462,2020-11-13 06:00:00
717.491667,0.5,710.825,652.4056805,593.986361,2020-11-13 07:00:00
1012.333333,0.5,1015.658333,972.308492,928.958651,2020-11-13 08:00:00
1118.716667,0.5,1123.225,1081.2628814999998,1039.300763,2020-11-13 09:00:00
1144.925,0.5,1142.658333,1112.2832265000002,1081.90812,2020-11-13 10:00:00
1153.3,0.5,1139.291667,1114.5156295,1089.739592,2020-11-13 11:00:00
1138.966667,0.5,1117.783333,1108.5575509999999,1099.331769,2020-11-13 12:00:00
1078.216667,0.5,1064.733333,1056.27478,1047.816227,2020-11-13 13:00:00
992.316667,0.5,982.925,980.765249,978.605498,2020-11-13 14:00:00
709.45,0.5,713.55,736.2769765,759.003953,2020-11-13 15:00:00
89.45,0.5,108.025,172.5174955,237.009991,2020-11-13 16:00:00
0.0,0.5,0.0,0.0254995,0.050999,2020-11-13 17:00:00
0.0,0.5,0.0,0.0233585,0.046717,2020-11-13 18:00:00
0.0,0.5,0.0,0.0233585,0.046717,2020-11-13 19:00:00
0.0,0.5,0.0,0.0233585,0.046717,2020-11-13 20:00:00
0.0,0.5,0.0,0.0233585,0.046717,2020-11-13 21:00:00
0.0,0.5,0.0,0.0233585,0.046717,2020-11-13 22:00:00
0.0,0.5,0.0,0.0233585,0.046717,2020-11-13 23:00:00
0.0,0.5,0.0,0.0233585,0.046717,2020-11-14 00:00:00
0.0,0.5,0.0,0.0233585,0.046717,2020-11-14 01:00:00
0.0,0.5,0.0,0.0233585,0.046717,2020-11-14 02:00:00
0.0,0.5,0.0,0.0233585,0.046717,2020-11-14 03:00:00
0.0,0.5,0.0,0.0233585,0.046717,2020-11-14 04:00:00
0.0,0.5,0.0,0.0233585,0.046717,2020-11-14 05:00:00
45.05,0.5,91.641667,94.774281,97.906895,2020-11-14 06:00:00
401.958333,0.5,717.491667,664.1643725,610.837078,2020-11-14 07:00:00
563.0,0.5,1012.333333,984.768194,957.203055,2020-11-14 08:00:00
808.0,0.5,1118.716667,1083.216479,1047.716291,2020-11-14 09:00:00
864.575,0.5,1144.925,1121.838589,1098.752178,2020-11-14 10:00:00
780.908333,0.5,1153.3,1116.5464889999998,1079.792978,2020-11-14 11:00:00
618.983333,0.5,1138.966667,1096.8189565,1054.671246,2020-11-14 12:00:00
526.841667,0.5,1078.216667,1056.52479,1034.832913,2020-11-14 13:00:00
380.525,0.5,992.316667,983.0890215,973.861376,2020-11-14 14:00:00
256.441667,0.5,709.45,720.8715855,732.293171,2020-11-14 15:00:00
42.866667,0.5,89.45,103.720674,117.991348,2020-11-14 16:00:00
0.0,0.5,0.0,0.0254365,0.050873,2020-11-14 17:00:00
0.0,0.5,0.0,0.0233585,0.046717,2020-11-14 18:00:00
0.0,0.5,0.0,0.0233585,0.046717,2020-11-14 19:00:00
0.0,0.5,0.0,0.0233585,0.046717,2020-11-14 20:00:00
0.0,0.5,0.0,0.0233585,0.046717,2020-11-14 21:00:00
0.0,0.5,0.0,0.0233585,0.046717,2020-11-14 22:00:00
0.0,0.5,0.0,0.0233585,0.046717,2020-11-14 23:00:00
0.0,0.5,0.0,0.0233585,0.046717,2020-11-15 00:00:00
0.0,0.5,0.0,0.0233585,0.046717,2020-11-15 01:00:00
0.0,0.5,0.0,0.0233585,0.046717,2020-11-15 02:00:00
0.0,0.5,0.0,0.0233585,0.046717,2020-11-15 03:00:00
0.0,0.5,0.0,0.0233585,0.046717,2020-11-15 04:00:00
0.0,0.5,0.0,0.0233585,0.046717,2020-11-15 05:00:00
59.958333,0.5,45.05,71.661427,98.272854,2020-11-15 06:00:00
644.175,0.5,401.958333,514.5038675,627.049402,2020-11-15 07:00:00
939.0,0.5,563.0,724.2349765,885.469953,2020-11-15 08:00:00
1046.241667,0.5,808.0,866.4809295,924.961859,2020-11-15 09:00:00
1133.616667,0.5,864.575,930.4950630000001,996.415126,2020-11-15 10:00:00
1144.883333,0.5,780.908333,892.3879999999999,1003.867667,2020-11-15 11:00:00
1128.091667,0.5,618.983333,802.879837,986.776341,2020-11-15 12:00:00
1068.516667,0.5,526.841667,734.6245610000001,942.407455,2020-11-15 13:00:00
960.791667,0.5,380.525,626.281611,872.038222,2020-11-15 14:00:00
627.608333,0.5,256.441667,468.223886,680.006105,2020-11-15 15:00:00
55.116667,0.5,42.866667,81.0542845,119.241902,2020-11-15 16:00:00
0.0,0.5,0.0,0.0254365,0.050873,2020-11-15 17:00:00
0.0,0.5,0.0,0.0233585,0.046717,2020-11-15 18:00:00
0.0,0.5,0.0,0.0233585,0.046717,2020-11-15 19:00:00
0.0,0.5,0.0,0.0233585,0.046717,2020-11-15 20:00:00
0.0,0.5,0.0,0.0233585,0.046717,2020-11-15 21:00:00
0.0,0.5,0.0,0.0233585,0.046717,2020-11-15 22:00:00
0.0,0.5,0.0,0.0233585,0.046717,2020-11-15 23:00:00
0.0,0.5,0.0,0.0233585,0.046717,2020-11-16 00:00:00
0.0,0.5,0.0,0.0233585,0.046717,2020-11-16 01:00:00
0.0,0.5,0.0,0.0233585,0.046717,2020-11-16 02:00:00
0.0,0.5,0.0,0.0233585,0.046717,2020-11-16 03:00:00
0.0,0.5,0.0,0.0233585,0.046717,2020-11-16 04:00:00
0.0,0.5,0.0,0.0233585,0.046717,2020-11-16 05:00:00
29.525,0.5,59.958333,70.746264,81.534195,2020-11-16 06:00:00
448.833333,0.5,644.175,606.408115,568.64123,2020-11-16 07:00:00
778.816667,0.5,939.0,870.055838,801.111676,2020-11-16 08:00:00
1007.775,0.5,1046.241667,986.427068,926.612469,2020-11-16 09:00:00
1112.833333,0.5,1133.616667,1056.720243,979.823819,2020-11-16 10:00:00
1118.1,0.5,1144.883333,1115.0605785,1085.237824,2020-11-16 11:00:00
1044.908333,0.5,1128.091667,1097.6667969999999,1067.241927,2020-11-16 12:00:00
873.258333,0.5,1068.516667,1030.3416715,992.166676,2020-11-16 13:00:00
785.725,0.5,960.791667,949.3881564999999,937.984646,2020-11-16 14:00:00
553.425,0.5,627.608333,696.449766,765.291199,2020-11-16 15:00:00
58.766667,0.5,55.116667,57.281893,59.447119,2020-11-16 16:00:00
0.0,0.5,0.0,0.0254365,0.050873,2020-11-16 17:00:00
0.0,0.5,0.0,0.0233585,0.046717,2020-11-16 18:00:00
0.0,0.5,0.0,0.0233585,0.046717,2020-11-16 19:00:00
0.0,0.5,0.0,0.0233585,0.046717,2020-11-16 20:00:00
0.0,0.5,0.0,0.0233585,0.046717,2020-11-16 21:00:00
0.0,0.5,0.0,0.0233585,0.046717,2020-11-16 22:00:00
0.0,0.5,0.0,0.0233585,0.046717,2020-11-16 23:00:00
0.0,0.5,0.0,0.0233585,0.046717,2020-11-17 00:00:00
0.0,0.5,0.0,0.0233585,0.046717,2020-11-17 01:00:00
0.0,0.5,0.0,0.0233585,0.046717,2020-11-17 02:00:00
0.0,0.5,0.0,0.0233585,0.046717,2020-11-17 03:00:00
0.0,0.5,0.0,0.0233585,0.046717,2020-11-17 04:00:00
0.0,0.5,0.0,0.0233585,0.046717,2020-11-17 05:00:00
50.358333,0.5,29.525,60.2127945,90.900589,2020-11-17 06:00:00
550.616667,0.5,448.833333,535.1879739999999,621.542615,2020-11-17 07:00:00
902.008333,0.5,778.816667,807.2027695,835.588872,2020-11-17 08:00:00
1027.233333,0.5,1007.775,987.691851,967.608702,2020-11-17 09:00:00
1018.5,0.5,1112.833333,1075.3341985000002,1037.835064,2020-11-17 10:00:00
1110.566667,0.5,1118.1,1108.3383735,1098.576747,2020-11-17 11:00:00
1130.858333,0.5,1044.908333,1071.9608255,1099.013318,2020-11-17 12:00:00
1093.591667,0.5,873.258333,957.1701015,1041.08187,2020-11-17 13:00:00
985.241667,0.5,785.725,871.993276,958.261552,2020-11-17 14:00:00
689.133333,0.5,553.425,628.291443,703.157886,2020-11-17 15:00:00
71.616667,0.5,58.766667,55.394799,52.022931,2020-11-17 16:00:00
0.0,0.5,0.0,0.0254365,0.050873,2020-11-17 17:00:00
0.0,0.5,0.0,0.0233585,0.046717,2020-11-17 18:00:00
0.0,0.5,0.0,0.0233585,0.046717,2020-11-17 19:00:00
0.0,0.5,0.0,0.0233585,0.046717,2020-11-17 20:00:00
0.0,0.5,0.0,0.0233585,0.046717,2020-11-17 21:00:00
0.0,0.5,0.0,0.0233585,0.046717,2020-11-17 22:00:00
0.0,0.5,0.0,0.0233585,0.046717,2020-11-17 23:00:00
0.0,0.5,0.0,0.0233585,0.046717,2020-11-18 00:00:00
0.0,0.5,0.0,0.0233585,0.046717,2020-11-18 01:00:00
0.0,0.5,0.0,0.0233585,0.046717,2020-11-18 02:00:00
0.0,0.5,0.0,0.0233585,0.046717,2020-11-18 03:00:00
0.0,0.5,0.0,0.0233585,0.046717,2020-11-18 04:00:00
0.0,0.5,0.0,0.0233585,0.046717,2020-11-18 05:00:00
61.766667,0.5,50.358333,62.909384,75.460435,2020-11-18 06:00:00
660.316667,0.5,550.616667,568.0631615,585.509656,2020-11-18 07:00:00
961.1,0.5,902.008333,863.5189965,825.02966,2020-11-18 08:00:00
1060.616667,0.5,1027.233333,1003.778876,980.324419,2020-11-18 09:00:00
1088.533333,0.5,1018.5,1041.0856254999999,1063.671251,2020-11-18 10:00:00
1100.516667,0.5,1110.566667,1086.4207675,1062.274868,2020-11-18 11:00:00
1079.258333,0.5,1130.858333,1080.3044774999998,1029.750622,2020-11-18 12:00:00
1036.95,0.5,1093.591667,1040.922448,988.253229,2020-11-18 13:00:00
961.716667,0.5,985.241667,956.992215,928.742763,2020-11-18 14:00:00
668.816667,0.5,689.133333,733.539115,777.944897,2020-11-18 15:00:00
73.508333,0.5,71.616667,94.677114,117.737561,2020-11-18 16:00:00
0.0,0.5,0.0,0.0254365,0.050873,2020-11-18 17:00:00
0.0,0.5,0.0,0.0233585,0.046717,2020-11-18 18:00:00
0.0,0.5,0.0,0.0233585,0.046717,2020-11-18 19:00:00
0.0,0.5,0.0,0.0233585,0.046717,2020-11-18 20:00:00
0.0,0.5,0.0,0.0233585,0.046717,2020-11-18 21:00:00
0.0,0.5,0.0,0.0233585,0.046717,2020-11-18 22:00:00
0.0,0.5,0.0,0.0233585,0.046717,2020-11-18 23:00:00
0.0,0.5,0.0,0.0233585,0.046717,2020-11-19 00:00:00
0.0,0.5,0.0,0.0233585,0.046717,2020-11-19 01:00:00
0.0,0.5,0.0,0.0233585,0.046717,2020-11-19 02:00:00
0.0,0.5,0.0,0.0233585,0.046717,2020-11-19 03:00:00
0.0,0.5,0.0,0.0233585,0.046717,2020-11-19 04:00:00
0.0,0.5,0.0,0.0233585,0.046717,2020-11-19 05:00:00
55.733333,0.5,61.766667,64.6936105,67.620554,2020-11-19 06:00:00
657.05,0.5,660.316667,607.0815105,553.846354,2020-11-19 07:00:00
955.808333,0.5,961.1,910.9506695,860.801339,2020-11-19 08:00:00
1063.058333,0.5,1060.616667,1031.107696,1001.598725,2020-11-19 09:00:00
1103.575,0.5,1088.533333,1054.878528,1021.223723,2020-11-19 10:00:00
1131.875,0.5,1100.516667,1094.7113475,1088.906028,2020-11-19 11:00:00
1106.608333,0.5,1079.258333,1085.147567,1091.036801,2020-11-19 12:00:00
1067.875,0.5,1036.95,1036.687764,1036.425528,2020-11-19 13:00:00
980.358333,0.5,961.716667,968.8116065,975.906546,2020-11-19 14:00:00
690.891667,0.5,668.816667,714.011148,759.205629,2020-11-19 15:00:00
71.816667,0.5,73.508333,95.6857655,117.863198,2020-11-19 16:00:00
0.0,0.5,0.0,0.0254365,0.050873,2020-11-19 17:00:00
0.0,0.5,0.0,0.0233585,0.046717,2020-11-19 18:00:00
0.0,0.5,0.0,0.0233585,0.046717,2020-11-19 19:00:00
0.0,0.5,0.0,0.0233585,0.046717,2020-11-19 20:00:00
0.0,0.5,0.0,0.0233585,0.046717,2020-11-19 21:00:00
0.0,0.5,0.0,0.0233585,0.046717,2020-11-19 22:00:00
0.0,0.5,0.0,0.0233585,0.046717,2020-11-19 23:00:00
0.0,0.5,0.0,0.0233585,0.046717,2020-11-20 00:00:00
0.0,0.5,0.0,0.0233585,0.046717,2020-11-20 01:00:00
0.0,0.5,0.0,0.0233585,0.046717,2020-11-20 02:00:00
0.0,0.5,0.0,0.0233585,0.046717,2020-11-20 03:00:00
0.0,0.5,0.0,0.0233585,0.046717,2020-11-20 04:00:00
0.0,0.5,0.0,0.0233585,0.046717,2020-11-20 05:00:00
54.858333,0.5,55.733333,68.15307899999999,80.572825,2020-11-20 06:00:00
643.233333,0.5,657.05,639.719108,622.388216,2020-11-20 07:00:00
951.75,0.5,955.808333,917.114148,878.419963,2020-11-20 08:00:00
1048.325,0.5,1063.058333,1037.196272,1011.334211,2020-11-20 09:00:00
1078.408333,0.5,1103.575,1091.2385995,1078.902199,2020-11-20 10:00:00
1094.225,0.5,1131.875,1113.9660595,1096.057119,2020-11-20 11:00:00
1095.658333,0.5,1106.608333,1093.081945,1079.555557,2020-11-20 12:00:00
1051.883333,0.5,1067.875,1046.589372,1025.303744,2020-11-20 13:00:00
963.816667,0.5,980.358333,980.1310435,979.903754,2020-11-20 14:00:00
670.733333,0.5,690.891667,723.6878935,756.48412,2020-11-20 15:00:00
69.266667,0.5,71.816667,95.239752,118.662837,2020-11-20 16:00:00
0.0,0.5,0.0,0.0254365,0.050873,2020-11-20 17:00:00
0.0,0.5,0.0,0.0233585,0.046717,2020-11-20 18:00:00
0.0,0.5,0.0,0.0233585,0.046717,2020-11-20 19:00:00
0.0,0.5,0.0,0.0233585,0.046717,2020-11-20 20:00:00
0.0,0.5,0.0,0.0233585,0.046717,2020-11-20 21:00:00
0.0,0.5,0.0,0.0233585,0.046717,2020-11-20 22:00:00
0.0,0.5,0.0,0.0233585,0.046717,2020-11-20 23:00:00
0.0,0.5,0.0,0.0233585,0.046717,2020-11-21 00:00:00
0.0,0.5,0.0,0.0233585,0.046717,2020-11-21 01:00:00
0.0,0.5,0.0,0.0233585,0.046717,2020-11-21 02:00:00
0.0,0.5,0.0,0.0233585,0.046717,2020-11-21 03:00:00
0.0,0.5,0.0,0.0233585,0.046717,2020-11-21 04:00:00
0.0,0.5,0.0,0.0233585,0.046717,2020-11-21 05:00:00
45.475,0.5,54.858333,64.21051650000001,73.5627,2020-11-21 06:00:00
625.125,0.5,643.233333,633.162016,623.090699,2020-11-21 07:00:00
933.05,0.5,951.75,917.0668995,882.383799,2020-11-21 08:00:00
1035.666667,0.5,1048.325,1031.5784325,1014.831865,2020-11-21 09:00:00
1062.775,0.5,1078.408333,1075.798168,1073.188003,2020-11-21 10:00:00
1064.691667,0.5,1094.225,1093.1231785,1092.021357,2020-11-21 11:00:00
1042.541667,0.5,1095.658333,1092.2455009999999,1088.832669,2020-11-21 12:00:00
1021.266667,0.5,1051.883333,1060.8851009999998,1069.886869,2020-11-21 13:00:00
948.333333,0.5,963.816667,971.8988495000001,979.981032,2020-11-21 14:00:00
650.733333,0.5,670.733333,715.1492089999999,759.565085,2020-11-21 15:00:00
54.383333,0.5,69.266667,87.117318,104.967969,2020-11-21 16:00:00
0.0,0.5,0.0,0.0254365,0.050873,2020-11-21 17:00:00
0.0,0.5,0.0,0.0233585,0.046717,2020-11-21 18:00:00
0.0,0.5,0.0,0.0233585,0.046717,2020-11-21 19:00:00
0.0,0.5,0.0,0.0233585,0.046717,2020-11-21 20:00:00
0.0,0.5,0.0,0.0233585,0.046717,2020-11-21 21:00:00
0.0,0.5,0.0,0.0233585,0.046717,2020-11-21 22:00:00
0.0,0.5,0.0,0.0233585,0.046717,2020-11-21 23:00:00
0.0,0.5,0.0,0.0233585,0.046717,2020-11-22 00:00:00
0.0,0.5,0.0,0.0233585,0.046717,2020-11-22 01:00:00
0.0,0.5,0.0,0.0233585,0.046717,2020-11-22 02:00:00
0.0,0.5,0.0,0.0233585,0.046717,2020-11-22 03:00:00
0.0,0.5,0.0,0.0233585,0.046717,2020-11-22 04:00:00
0.0,0.5,0.0,0.0233585,0.046717,2020-11-22 05:00:00
44.25,0.5,45.475,51.595774500000005,57.716549,2020-11-22 06:00:00
624.808333,0.5,625.125,614.6550285000001,604.185057,2020-11-22 07:00:00
940.766667,0.5,933.05,859.9663485,786.882697,2020-11-22 08:00:00
1037.416667,0.5,1035.666667,1015.9914375,996.316208,2020-11-22 09:00:00
1065.975,0.5,1062.775,1047.0362785000002,1031.297557,2020-11-22 10:00:00
1073.625,0.5,1064.691667,1032.578625,1000.465583,2020-11-22 11:00:00
1072.325,0.5,1042.541667,1010.6616409999999,978.781615,2020-11-22 12:00:00
1014.308333,0.5,1021.266667,941.6637049999999,862.060743,2020-11-22 13:00:00
936.666667,0.5,948.333333,903.3694245,858.405516,2020-11-22 14:00:00
652.783333,0.5,650.733333,614.1851815,577.63703,2020-11-22 15:00:00
56.808333,0.5,54.383333,66.4088265,78.43432,2020-11-22 16:00:00
0.0,0.5,0.0,0.0254365,0.050873,2020-11-22 17:00:00
0.0,0.5,0.0,0.0233585,0.046717,2020-11-22 18:00:00
0.0,0.5,0.0,0.0233585,0.046717,2020-11-22 19:00:00
0.0,0.5,0.0,0.0233585,0.046717,2020-11-22 20:00:00
0.0,0.5,0.0,0.0233585,0.046717,2020-11-22 21:00:00
0.0,0.5,0.0,0.0233585,0.046717,2020-11-22 22:00:00
0.0,0.5,0.0,0.0233585,0.046717,2020-11-22 23:00:00
0.0,0.5,0.0,0.0233585,0.046717,2020-11-23 00:00:00
0.0,0.5,0.0,0.0233585,0.046717,2020-11-23 01:00:00
0.0,0.5,0.0,0.0233585,0.046717,2020-11-23 02:00:00
0.0,0.5,0.0,0.0233585,0.046717,2020-11-23 03:00:00
0.0,0.5,0.0,0.0233585,0.046717,2020-11-23 04:00:00
0.0,0.5,0.0,0.0233585,0.046717,2020-11-23 05:00:00
38.133333,0.5,44.25,47.824274,51.398548,2020-11-23 06:00:00
626.616667,0.5,624.808333,594.8149719999999,564.821611,2020-11-23 07:00:00
949.45,0.5,940.766667,883.3726939999999,825.978721,2020-11-23 08:00:00
1049.716667,0.5,1037.416667,1022.658429,1007.900191,2020-11-23 09:00:00
1064.25,0.5,1065.975,1060.1688844999999,1054.362769,2020-11-23 10:00:00
1058.05,0.5,1073.625,1073.0744005000001,1072.523801,2020-11-23 11:00:00
1042.291667,0.5,1072.325,1066.1797004999999,1060.034401,2020-11-23 12:00:00
1003.833333,0.5,1014.308333,1019.3046019999999,1024.300871,2020-11-23 13:00:00
915.341667,0.5,936.666667,950.010637,963.354607,2020-11-23 14:00:00
642.016667,0.5,652.783333,659.7529645,666.722596,2020-11-23 15:00:00
52.1,0.5,56.808333,60.627407000000005,64.446481,2020-11-23 16:00:00
0.0,0.5,0.0,0.0254365,0.050873,2020-11-23 17:00:00
0.0,0.5,0.0,0.0233585,0.046717,2020-11-23 18:00:00
0.0,0.5,0.0,0.0233585,0.046717,2020-11-23 19:00:00
0.0,0.5,0.0,0.0233585,0.046717,2020-11-23 20:00:00
0.0,0.5,0.0,0.0233585,0.046717,2020-11-23 21:00:00
0.0,0.5,0.0,0.0233585,0.046717,2020-11-23 22:00:00
0.0,0.5,0.0,0.0233585,0.046717,2020-11-23 23:00:00
0.0,0.5,0.0,0.0233585,0.046717,2020-11-24 00:00:00
0.0,0.5,0.0,0.0233585,0.046717,2020-11-24 01:00:00
0.0,0.5,0.0,0.0233585,0.046717,2020-11-24 02:00:00
0.0,0.5,0.0,0.0233585,0.046717,2020-11-24 03:00:00
0.0,0.5,0.0,0.0233585,0.046717,2020-11-24 04:00:00
0.0,0.5,0.0,0.0233585,0.046717,2020-11-24 05:00:00
33.533333,0.5,38.133333,43.0331595,47.932986,2020-11-24 06:00:00
578.875,0.5,626.616667,587.1254945000001,547.634322,2020-11-24 07:00:00
874.425,0.5,949.45,890.884434,832.318868,2020-11-24 08:00:00
980.091667,0.5,1049.716667,1028.9689134999999,1008.22116,2020-11-24 09:00:00
1040.833333,0.5,1064.25,1063.6802955,1063.110591,2020-11-24 10:00:00
1042.791667,0.5,1058.05,1064.2189939999998,1070.387988,2020-11-24 11:00:00
1023.508333,0.5,1042.291667,1044.8652055,1047.438744,2020-11-24 12:00:00
966.433333,0.5,1003.833333,995.6248265,987.41632,2020-11-24 13:00:00
801.383333,0.5,915.341667,908.469327,901.596987,2020-11-24 14:00:00
479.6,0.5,642.016667,647.67734,653.338013,2020-11-24 15:00:00
19.583333,0.5,52.1,60.680552500000005,69.261105,2020-11-24 16:00:00
0.0,0.5,0.0,0.0254365,0.050873,2020-11-24 17:00:00
0.0,0.5,0.0,0.0233585,0.046717,2020-11-24 18:00:00
0.0,0.5,0.0,0.0233585,0.046717,2020-11-24 19:00:00
0.0,0.5,0.0,0.0233585,0.046717,2020-11-24 20:00:00
0.0,0.5,0.0,0.0233585,0.046717,2020-11-24 21:00:00
0.0,0.5,0.0,0.0233585,0.046717,2020-11-24 22:00:00
0.0,0.5,0.0,0.0233585,0.046717,2020-11-24 23:00:00
0.0,0.5,0.0,0.0233585,0.046717,2020-11-25 00:00:00
0.0,0.5,0.0,0.0233585,0.046717,2020-11-25 01:00:00
0.0,0.5,0.0,0.0233585,0.046717,2020-11-25 02:00:00
0.0,0.5,0.0,0.0233585,0.046717,2020-11-25 03:00:00
0.0,0.5,0.0,0.0233585,0.046717,2020-11-25 04:00:00
0.0,0.5,0.0,0.0233585,0.046717,2020-11-25 05:00:00
29.266667,0.5,33.533333,39.950278999999995,46.367225,2020-11-25 06:00:00
404.858333,0.5,578.875,554.089753,529.304506,2020-11-25 07:00:00
635.083333,0.5,874.425,844.6317185,814.838437,2020-11-25 08:00:00
716.733333,0.5,980.091667,991.538908,1002.986149,2020-11-25 09:00:00
836.45,0.5,1040.833333,1038.821263,1036.809193,2020-11-25 10:00:00
844.3,0.5,1042.791667,1047.743026,1052.694385,2020-11-25 11:00:00
807.116667,0.5,1023.508333,1032.7219785,1041.935624,2020-11-25 12:00:00
760.308333,0.5,966.433333,976.598178,986.763023,2020-11-25 13:00:00
654.75,0.5,801.383333,880.09244,958.801547,2020-11-25 14:00:00
313.408333,0.5,479.6,600.2574354999999,720.914871,2020-11-25 15:00:00
9.3,0.5,19.583333,38.6833945,57.783456,2020-11-25 16:00:00
0.0,0.5,0.0,0.0254365,0.050873,2020-11-25 17:00:00
0.0,0.5,0.0,0.0233585,0.046717,2020-11-25 18:00:00
0.0,0.5,0.0,0.0233585,0.046717,2020-11-25 19:00:00
0.0,0.5,0.0,0.0233585,0.046717,2020-11-25 20:00:00
0.0,0.5,0.0,0.0233585,0.046717,2020-11-25 21:00:00
0.0,0.5,0.0,0.0233585,0.046717,2020-11-25 22:00:00
0.0,0.5,0.0,0.0233585,0.046717,2020-11-25 23:00:00
0.0,0.5,0.0,0.0233585,0.046717,2020-11-26 00:00:00
0.0,0.5,0.0,0.0233585,0.046717,2020-11-26 01:00:00
0.0,0.5,0.0,0.0233585,0.046717,2020-11-26 02:00:00
0.0,0.5,0.0,0.0233585,0.046717,2020-11-26 03:00:00
0.0,0.5,0.0,0.0233585,0.046717,2020-11-26 04:00:00
0.0,0.5,0.0,0.0233585,0.046717,2020-11-26 05:00:00
11.366667,0.5,29.266667,38.256988,47.247309,2020-11-26 06:00:00
469.275,0.5,404.858333,471.94849800000003,539.038663,2020-11-26 07:00:00
771.458333,0.5,635.083333,728.224413,821.365493,2020-11-26 08:00:00
903.775,0.5,716.733333,803.0549900000001,889.376647,2020-11-26 09:00:00
1004.708333,0.5,836.45,906.2279000000001,976.0058,2020-11-26 10:00:00
996.366667,0.5,844.3,926.42293,1008.54586,2020-11-26 11:00:00
1017.558333,0.5,807.116667,899.1226664999999,991.128666,2020-11-26 12:00:00
818.575,0.5,760.308333,862.0507674999999,963.793202,2020-11-26 13:00:00
634.075,0.5,654.75,767.986088,881.222176,2020-11-26 14:00:00
403.808333,0.5,313.408333,495.0398665,676.6714,2020-11-26 15:00:00
13.775,0.5,9.3,27.326946999999997,45.353894,2020-11-26 16:00:00
0.0,0.5,0.0,0.0281105,0.056221,2020-11-26 17:00:00
0.0,0.5,0.0,0.0233585,0.046717,2020-11-26 18:00:00
0.0,0.5,0.0,0.0233585,0.046717,2020-11-26 19:00:00
0.0,0.5,0.0,0.0233585,0.046717,2020-11-26 20:00:00
0.0,0.5,0.0,0.0233585,0.046717,2020-11-26 21:00:00
0.0,0.5,0.0,0.0233585,0.046717,2020-11-26 22:00:00
0.0,0.5,0.0,0.0233585,0.046717,2020-11-26 23:00:00
0.0,0.5,0.0,0.0233585,0.046717,2020-11-27 00:00:00
0.0,0.5,0.0,0.0233585,0.046717,2020-11-27 01:00:00
0.0,0.5,0.0,0.0233585,0.046717,2020-11-27 02:00:00
0.0,0.5,0.0,0.0233585,0.046717,2020-11-27 03:00:00
0.0,0.5,0.0,0.0233585,0.046717,2020-11-27 04:00:00
0.0,0.5,0.0,0.0233585,0.046717,2020-11-27 05:00:00
10.9,0.5,11.366667,30.4251855,49.483704,2020-11-27 06:00:00
490.016667,0.5,469.275,504.8302805,540.385561,2020-11-27 07:00:00
841.633333,0.5,771.458333,789.2306735,807.003014,2020-11-27 08:00:00
985.858333,0.5,903.775,888.9119834999999,874.048967,2020-11-27 09:00:00
1028.958333,0.5,1004.708333,955.226212,905.744091,2020-11-27 10:00:00
1058.341667,0.5,996.366667,977.2901935,958.21372,2020-11-27 11:00:00
996.975,0.5,1017.558333,984.257339,950.956345,2020-11-27 12:00:00
983.858333,0.5,818.575,879.4243385,940.273677,2020-11-27 13:00:00
914.875,0.5,634.075,768.8753475000001,903.675695,2020-11-27 14:00:00
621.766667,0.5,403.808333,551.3999145,698.991496,2020-11-27 15:00:00
48.725,0.5,13.775,28.383440999999998,42.991882,2020-11-27 16:00:00
0.0,0.5,0.0,0.0281105,0.056221,2020-11-27 17:00:00
0.0,0.5,0.0,0.0233585,0.046717,2020-11-27 18:00:00
0.0,0.5,0.0,0.0233585,0.046717,2020-11-27 19:00:00
0.0,0.5,0.0,0.0233585,0.046717,2020-11-27 20:00:00
0.0,0.5,0.0,0.0233585,0.046717,2020-11-27 21:00:00
0.0,0.5,0.0,0.0233585,0.046717,2020-11-27 22:00:00
0.0,0.5,0.0,0.0233585,0.046717,2020-11-27 23:00:00
0.0,0.5,0.0,0.0233585,0.046717,2020-11-28 00:00:00
0.0,0.5,0.0,0.0233585,0.046717,2020-11-28 01:00:00
0.0,0.5,0.0,0.0233585,0.046717,2020-11-28 02:00:00
0.0,0.5,0.0,0.0233585,0.046717,2020-11-28 03:00:00
0.0,0.5,0.0,0.0233585,0.046717,2020-11-28 04:00:00
0.0,0.5,0.0,0.0233585,0.046717,2020-11-28 05:00:00
25.808333,0.5,10.9,28.683595999999998,46.467192,2020-11-28 06:00:00
526.675,0.5,490.016667,519.223668,548.430669,2020-11-28 07:00:00
871.108333,0.5,841.633333,825.9998955,810.366458,2020-11-28 08:00:00
1014.166667,0.5,985.858333,968.8559104999999,951.853488,2020-11-28 09:00:00
1054.675,0.5,1028.958333,1001.068293,973.178253,2020-11-28 10:00:00
1078.658333,0.5,1058.341667,1021.458609,984.575551,2020-11-28 11:00:00
1089.2,0.5,996.975,1009.9479205,1022.920841,2020-11-28 12:00:00
1063.266667,0.5,983.858333,968.931912,954.005491,2020-11-28 13:00:00
964.316667,0.5,914.875,933.7650735,952.655147,2020-11-28 14:00:00
676.55,0.5,621.766667,677.4189665,733.071266,2020-11-28 15:00:00
52.85,0.5,48.725,56.2703615,63.815723,2020-11-28 16:00:00
0.0,0.5,0.0,0.0254365,0.050873,2020-11-28 17:00:00
0.0,0.5,0.0,0.0233585,0.046717,2020-11-28 18:00:00
0.0,0.5,0.0,0.0233585,0.046717,2020-11-28 19:00:00
0.0,0.5,0.0,0.0233585,0.046717,2020-11-28 20:00:00
0.0,0.5,0.0,0.0233585,0.046717,2020-11-28 21:00:00
0.0,0.5,0.0,0.0233585,0.046717,2020-11-28 22:00:00
0.0,0.5,0.0,0.0233585,0.046717,2020-11-28 23:00:00
0.0,0.5,0.0,0.0233585,0.046717,2020-11-29 00:00:00
0.0,0.5,0.0,0.0233585,0.046717,2020-11-29 01:00:00
0.0,0.5,0.0,0.0233585,0.046717,2020-11-29 02:00:00
0.0,0.5,0.0,0.0233585,0.046717,2020-11-29 03:00:00
0.0,0.5,0.0,0.0233585,0.046717,2020-11-29 04:00:00
0.0,0.5,0.0,0.0233585,0.046717,2020-11-29 05:00:00
20.591667,0.5,25.808333,33.4123755,41.016418,2020-11-29 06:00:00
586.858333,0.5,526.675,532.455804,538.236608,2020-11-29 07:00:00
948.85,0.5,871.108333,840.541076,809.973819,2020-11-29 08:00:00
1075.308333,0.5,1014.166667,994.2650155,974.363364,2020-11-29 09:00:00
1115.666667,0.5,1054.675,1035.8387285,1017.002457,2020-11-29 10:00:00
1128.441667,0.5,1078.658333,1060.192956,1041.727579,2020-11-29 11:00:00
1112.55,0.5,1089.2,1036.424802,983.649604,2020-11-29 12:00:00
1074.666667,0.5,1063.266667,1023.857553,984.448439,2020-11-29 13:00:00
970.916667,0.5,964.316667,965.2344265,966.152186,2020-11-29 14:00:00
670.058333,0.5,676.55,709.262475,741.97495,2020-11-29 15:00:00
45.325,0.5,52.85,73.283876,93.717752,2020-11-29 16:00:00
0.0,0.5,0.0,0.0254365,0.050873,2020-11-29 17:00:00
0.0,0.5,0.0,0.0233585,0.046717,2020-11-29 18:00:00
0.0,0.5,0.0,0.0233585,0.046717,2020-11-29 19:00:00
0.0,0.5,0.0,0.0233585,0.046717,2020-11-29 20:00:00
0.0,0.5,0.0,0.0233585,0.046717,2020-11-29 21:00:00
0.0,0.5,0.0,0.0233585,0.046717,2020-11-29 22:00:00
0.0,0.5,0.0,0.0233585,0.046717,2020-11-29 23:00:00
0.0,0.5,0.0,0.0233585,0.046717,2020-11-30 00:00:00
0.0,0.5,0.0,0.0233585,0.046717,2020-11-30 01:00:00
0.0,0.5,0.0,0.0233585,0.046717,2020-11-30 02:00:00
0.0,0.5,0.0,0.0233585,0.046717,2020-11-30 03:00:00
0.0,0.5,0.0,0.0233585,0.046717,2020-11-30 04:00:00
0.0,0.5,0.0,0.0233585,0.046717,2020-11-30 05:00:00
17.25,0.5,20.591667,31.555211,42.518755,2020-11-30 06:00:00
507.208333,0.5,586.858333,560.5799395,534.301546,2020-11-30 07:00:00
875.6,0.5,948.85,884.222495,819.59499,2020-11-30 08:00:00
914.391667,0.5,1075.308333,1031.656566,988.004799,2020-11-30 09:00:00
907.958333,0.5,1115.666667,1072.108709,1028.550751,2020-11-30 10:00:00
894.708333,0.5,1128.441667,1096.67103,1064.900393,2020-11-30 11:00:00
942.275,0.5,1112.55,1094.5178885,1076.485777,2020-11-30 12:00:00
962.916667,0.5,1074.666667,1058.345151,1042.023635,2020-11-30 13:00:00
833.291667,0.5,970.916667,974.8954645,978.874262,2020-11-30 14:00:00
452.65,0.5,670.058333,711.278256,752.498179,2020-11-30 15:00:00
20.033333,0.5,45.325,66.57183950000001,87.818679,2020-11-30 16:00:00
0.0,0.5,0.0,0.0254365,0.050873,2020-11-30 17:00:00
0.0,0.5,0.0,0.0233585,0.046717,2020-11-30 18:00:00
0.0,0.5,0.0,0.0233585,0.046717,2020-11-30 19:00:00
0.0,0.5,0.0,0.0233585,0.046717,2020-11-30 20:00:00
0.0,0.5,0.0,0.0233585,0.046717,2020-11-30 21:00:00
0.0,0.5,0.0,0.0233585,0.046717,2020-11-30 22:00:00
0.0,0.5,0.0,0.0233585,0.046717,2020-11-30 23:00:00
0.0,0.5,0.0,0.0299115,0.059823,2020-12-01 00:00:00
0.0,0.5,0.0,0.0299115,0.059823,2020-12-01 01:00:00
0.0,0.5,0.0,0.0299115,0.059823,2020-12-01 02:00:00
0.0,0.5,0.0,0.0299115,0.059823,2020-12-01 03:00:00
0.0,0.5,0.0,0.0299115,0.059823,2020-12-01 04:00:00
0.0,0.5,0.0,0.0299115,0.059823,2020-12-01 05:00:00
13.616667,0.5,17.25,23.7597415,30.269483,2020-12-01 06:00:00
525.575,0.5,507.208333,520.555175,533.902017,2020-12-01 07:00:00
900.65,0.5,875.6,855.7994075,835.998815,2020-12-01 08:00:00
1075.016667,0.5,914.391667,967.723662,1021.055657,2020-12-01 09:00:00
1059.075,0.5,907.958333,962.7190665,1017.4798,2020-12-01 10:00:00
1129.391667,0.5,894.708333,957.0063385000001,1019.304344,2020-12-01 11:00:00
1091.825,0.5,942.275,983.2715464999999,1024.268093,2020-12-01 12:00:00
1049.266667,0.5,962.916667,993.384682,1023.852697,2020-12-01 13:00:00
919.375,0.5,833.291667,900.9187019999999,968.545737,2020-12-01 14:00:00
633.458333,0.5,452.65,556.6319215,660.613843,2020-12-01 15:00:00
40.616667,0.5,20.033333,32.493013,44.952693,2020-12-01 16:00:00
0.0,0.5,0.0,0.0188565,0.037713,2020-12-01 17:00:00
0.0,0.5,0.0,0.0299115,0.059823,2020-12-01 18:00:00
0.0,0.5,0.0,0.0299115,0.059823,2020-12-01 19:00:00
0.0,0.5,0.0,0.0299115,0.059823,2020-12-01 20:00:00
0.0,0.5,0.0,0.0299115,0.059823,2020-12-01 21:00:00
0.0,0.5,0.0,0.0299115,0.059823,2020-12-01 22:00:00
0.0,0.5,0.0,0.0299115,0.059823,2020-12-01 23:00:00
0.0,0.5,0.0,0.0299115,0.059823,2020-12-02 00:00:00
0.0,0.5,0.0,0.0299115,0.059823,2020-12-02 01:00:00
0.0,0.5,0.0,0.0299115,0.059823,2020-12-02 02:00:00
0.0,0.5,0.0,0.0299115,0.059823,2020-12-02 03:00:00
0.0,0.5,0.0,0.0299115,0.059823,2020-12-02 04:00:00
0.0,0.5,0.0,0.0299115,0.059823,2020-12-02 05:00:00
16.091667,0.5,13.616667,20.358508999999998,27.100351,2020-12-02 06:00:00
580.508333,0.5,525.575,519.7552685,513.935537,2020-12-02 07:00:00
1012.775,0.5,900.65,865.997209,831.344418,2020-12-02 08:00:00
1145.416667,0.5,1075.016667,1014.7391895000001,954.461712,2020-12-02 09:00:00
1167.975,0.5,1059.075,1016.9908720000001,974.906744,2020-12-02 10:00:00
1200.025,0.5,1129.391667,1053.4012215,977.410776,2020-12-02 11:00:00
1196.808333,0.5,1091.825,1042.4626615,993.100323,2020-12-02 12:00:00
1149.375,0.5,1049.266667,1011.5300705,973.793474,2020-12-02 13:00:00
1006.625,0.5,919.375,880.1270305,840.879061,2020-12-02 14:00:00
684.633333,0.5,633.458333,561.6011325,489.743932,2020-12-02 15:00:00
43.1,0.5,40.616667,46.5415285,52.46639,2020-12-02 16:00:00
0.0,0.5,0.0,0.06967,0.13934,2020-12-02 17:00:00
0.0,0.5,0.0,0.0299115,0.059823,2020-12-02 18:00:00
0.0,0.5,0.0,0.0299115,0.059823,2020-12-02 19:00:00
0.0,0.5,0.0,0.0299115,0.059823,2020-12-02 20:00:00
0.0,0.5,0.0,0.0299115,0.059823,2020-12-02 21:00:00
0.0,0.5,0.0,0.0299115,0.059823,2020-12-02 22:00:00
0.0,0.5,0.0,0.0299115,0.059823,2020-12-02 23:00:00
0.0,0.5,0.0,0.0299115,0.059823,2020-12-03 00:00:00
0.0,0.5,0.0,0.0299115,0.059823,2020-12-03 01:00:00
0.0,0.5,0.0,0.0299115,0.059823,2020-12-03 02:00:00
0.0,0.5,0.0,0.0299115,0.059823,2020-12-03 03:00:00
0.0,0.5,0.0,0.0299115,0.059823,2020-12-03 04:00:00
0.0,0.5,0.0,0.0299115,0.059823,2020-12-03 05:00:00
17.066667,0.5,16.091667,22.549930500000002,29.008194,2020-12-03 06:00:00
570.375,0.5,580.508333,542.1521359999999,503.795939,2020-12-03 07:00:00
961.208333,0.5,1012.775,901.4750105,790.175021,2020-12-03 08:00:00
1090.45,0.5,1145.416667,1072.619338,999.822009,2020-12-03 09:00:00
1122.491667,0.5,1167.975,1082.738595,997.50219,2020-12-03 10:00:00
1146.45,0.5,1200.025,1106.176052,1012.327104,2020-12-03 11:00:00
1142.125,0.5,1196.808333,1117.2605549999998,1037.712777,2020-12-03 12:00:00
1068.45,0.5,1149.375,1103.2216225,1057.068245,2020-12-03 13:00:00
1018.066667,0.5,1006.625,967.763524,928.902048,2020-12-03 14:00:00
690.366667,0.5,684.633333,661.399187,638.165041,2020-12-03 15:00:00
40.6,0.5,43.1,49.963901500000006,56.827803,2020-12-03 16:00:00
0.0,0.5,0.0,0.06967,0.13934,2020-12-03 17:00:00
0.0,0.5,0.0,0.0299115,0.059823,2020-12-03 18:00:00
0.0,0.5,0.0,0.0299115,0.059823,2020-12-03 19:00:00
0.0,0.5,0.0,0.0299115,0.059823,2020-12-03 20:00:00
0.0,0.5,0.0,0.0299115,0.059823,2020-12-03 21:00:00
0.0,0.5,0.0,0.0299115,0.059823,2020-12-03 22:00:00
0.0,0.5,0.0,0.0299115,0.059823,2020-12-03 23:00:00
0.0,0.5,0.0,0.0299115,0.059823,2020-12-04 00:00:00
0.0,0.5,0.0,0.0299115,0.059823,2020-12-04 01:00:00
0.0,0.5,0.0,0.0299115,0.059823,2020-12-04 02:00:00
0.0,0.5,0.0,0.0299115,0.059823,2020-12-04 03:00:00
0.0,0.5,0.0,0.0299115,0.059823,2020-12-04 04:00:00
0.0,0.5,0.0,0.0299115,0.059823,2020-12-04 05:00:00
15.191667,0.5,17.066667,23.056506,29.046345,2020-12-04 06:00:00
551.075,0.5,570.375,535.965873,501.556746,2020-12-04 07:00:00
948.341667,0.5,961.208333,914.3941645,867.579996,2020-12-04 08:00:00
1064.45,0.5,1090.45,1058.1028095000001,1025.755619,2020-12-04 09:00:00
1096.575,0.5,1122.491667,1098.2246835,1073.9577,2020-12-04 10:00:00
1093.8,0.5,1146.45,1111.235017,1076.020034,2020-12-04 11:00:00
1082.05,0.5,1142.125,1110.3670069999998,1078.609014,2020-12-04 12:00:00
1051.866667,0.5,1068.45,1058.4534125,1048.456825,2020-12-04 13:00:00
975.875,0.5,1018.066667,972.125161,926.183655,2020-12-04 14:00:00
646.416667,0.5,690.366667,683.5953235,676.82398,2020-12-04 15:00:00
33.391667,0.5,40.6,52.442100499999995,64.284201,2020-12-04 16:00:00
0.0,0.5,0.0,0.06967,0.13934,2020-12-04 17:00:00
0.0,0.5,0.0,0.0299115,0.059823,2020-12-04 18:00:00
0.0,0.5,0.0,0.0299115,0.059823,2020-12-04 19:00:00
0.0,0.5,0.0,0.0299115,0.059823,2020-12-04 20:00:00
0.0,0.5,0.0,0.0299115,0.059823,2020-12-04 21:00:00
0.0,0.5,0.0,0.0299115,0.059823,2020-12-04 22:00:00
0.0,0.5,0.0,0.0299115,0.059823,2020-12-04 23:00:00
0.0,0.5,0.0,0.0299115,0.059823,2020-12-05 00:00:00
0.0,0.5,0.0,0.0299115,0.059823,2020-12-05 01:00:00
0.0,0.5,0.0,0.0299115,0.059823,2020-12-05 02:00:00
0.0,0.5,0.0,0.0299115,0.059823,2020-12-05 03:00:00
0.0,0.5,0.0,0.0299115,0.059823,2020-12-05 04:00:00
0.0,0.5,0.0,0.0299115,0.059823,2020-12-05 05:00:00
12.991667,0.5,15.191667,21.8596195,28.527572,2020-12-05 06:00:00
534.775,0.5,551.075,523.3172655000001,495.559531,2020-12-05 07:00:00
938.483333,0.5,948.341667,902.5602100000001,856.778753,2020-12-05 08:00:00
1079.908333,0.5,1064.45,1040.819091,1017.188182,2020-12-05 09:00:00
1122.683333,0.5,1096.575,1086.0046185,1075.434237,2020-12-05 10:00:00
1126.891667,0.5,1093.8,1087.436068,1081.072136,2020-12-05 11:00:00
1109.908333,0.5,1082.05,1078.512425,1074.97485,2020-12-05 12:00:00
1064.35,0.5,1051.866667,1052.2721405,1052.677614,2020-12-05 13:00:00
947.225,0.5,975.875,977.43817,979.00134,2020-12-05 14:00:00
646.133333,0.5,646.416667,671.3904845,696.364302,2020-12-05 15:00:00
35.1,0.5,33.391667,43.165295,52.938923,2020-12-05 16:00:00
0.0,0.5,0.0,0.06967,0.13934,2020-12-05 17:00:00
0.0,0.5,0.0,0.0299115,0.059823,2020-12-05 18:00:00
0.0,0.5,0.0,0.0299115,0.059823,2020-12-05 19:00:00
0.0,0.5,0.0,0.0299115,0.059823,2020-12-05 20:00:00
0.0,0.5,0.0,0.0299115,0.059823,2020-12-05 21:00:00
0.0,0.5,0.0,0.0299115,0.059823,2020-12-05 22:00:00
0.0,0.5,0.0,0.0299115,0.059823,2020-12-05 23:00:00
0.0,0.5,0.0,0.0299115,0.059823,2020-12-06 00:00:00
0.0,0.5,0.0,0.0299115,0.059823,2020-12-06 01:00:00
0.0,0.5,0.0,0.0299115,0.059823,2020-12-06 02:00:00
0.0,0.5,0.0,0.0299115,0.059823,2020-12-06 03:00:00
0.0,0.5,0.0,0.0299115,0.059823,2020-12-06 04:00:00
0.0,0.5,0.0,0.0299115,0.059823,2020-12-06 05:00:00
10.516667,0.5,12.991667,16.2934635,19.59526,2020-12-06 06:00:00
534.358333,0.5,534.775,513.6856849999999,492.59637,2020-12-06 07:00:00
952.741667,0.5,938.483333,876.8907055,815.298078,2020-12-06 08:00:00
1095.333333,0.5,1079.908333,1051.2346525,1022.560972,2020-12-06 09:00:00
1154.841667,0.5,1122.683333,1100.3489144999999,1078.014496,2020-12-06 10:00:00
1158.65,0.5,1126.891667,1102.4676175,1078.043568,2020-12-06 11:00:00
1133.766667,0.5,1109.908333,1092.815335,1075.722337,2020-12-06 12:00:00
1075.633333,0.5,1064.35,1051.4270925,1038.504185,2020-12-06 13:00:00
971.075,0.5,947.225,961.107534,974.990068,2020-12-06 14:00:00
635.883333,0.5,646.133333,680.035338,713.937343,2020-12-06 15:00:00
35.716667,0.5,35.1,43.5972875,52.094575,2020-12-06 16:00:00
0.0,0.5,0.0,0.06967,0.13934,2020-12-06 17:00:00
0.0,0.5,0.0,0.0299115,0.059823,2020-12-06 18:00:00
0.0,0.5,0.0,0.0299115,0.059823,2020-12-06 19:00:00
0.0,0.5,0.0,0.0299115,0.059823,2020-12-06 20:00:00
0.0,0.5,0.0,0.0299115,0.059823,2020-12-06 21:00:00
0.0,0.5,0.0,0.0299115,0.059823,2020-12-06 22:00:00
0.0,0.5,0.0,0.0299115,0.059823,2020-12-06 23:00:00
0.0,0.5,0.0,0.0299115,0.059823,2020-12-07 00:00:00
0.0,0.5,0.0,0.0299115,0.059823,2020-12-07 01:00:00
0.0,0.5,0.0,0.0299115,0.059823,2020-12-07 02:00:00
0.0,0.5,0.0,0.0299115,0.059823,2020-12-07 03:00:00
0.0,0.5,0.0,0.0299115,0.059823,2020-12-07 04:00:00
0.0,0.5,0.0,0.0299115,0.059823,2020-12-07 05:00:00
9.008333,0.5,10.516667,14.201789999999999,17.886913,2020-12-07 06:00:00
525.066667,0.5,534.358333,530.1794395,526.000546,2020-12-07 07:00:00
937.575,0.5,952.741667,900.6179999999999,848.494333,2020-12-07 08:00:00
1056.175,0.5,1095.333333,1060.563553,1025.793773,2020-12-07 09:00:00
1075.075,0.5,1154.841667,1119.6683345000001,1084.495002,2020-12-07 10:00:00
1092.875,0.5,1158.65,1128.729875,1098.80975,2020-12-07 11:00:00
1085.716667,0.5,1133.766667,1115.3021875,1096.837708,2020-12-07 12:00:00
1027.566667,0.5,1075.633333,1070.7864035,1065.939474,2020-12-07 13:00:00
926.716667,0.5,971.075,971.9599450000001,972.84489,2020-12-07 14:00:00
628.291667,0.5,635.883333,672.2891010000001,708.694869,2020-12-07 15:00:00
32.516667,0.5,35.716667,43.944443500000006,52.17222,2020-12-07 16:00:00
0.0,0.5,0.0,0.06967,0.13934,2020-12-07 17:00:00
0.0,0.5,0.0,0.0299115,0.059823,2020-12-07 18:00:00
0.0,0.5,0.0,0.0299115,0.059823,2020-12-07 19:00:00
0.0,0.5,0.0,0.0299115,0.059823,2020-12-07 20:00:00
0.0,0.5,0.0,0.0299115,0.059823,2020-12-07 21:00:00
0.0,0.5,0.0,0.0299115,0.059823,2020-12-07 22:00:00
0.0,0.5,0.0,0.0299115,0.059823,2020-12-07 23:00:00
0.0,0.5,0.0,0.0299115,0.059823,2020-12-08 00:00:00
0.0,0.5,0.0,0.0299115,0.059823,2020-12-08 01:00:00
0.0,0.5,0.0,0.0299115,0.059823,2020-12-08 02:00:00
0.0,0.5,0.0,0.0299115,0.059823,2020-12-08 03:00:00
0.0,0.5,0.0,0.0299115,0.059823,2020-12-08 04:00:00
0.0,0.5,0.0,0.0299115,0.059823,2020-12-08 05:00:00
8.583333,0.5,9.008333,13.5326975,18.057062,2020-12-08 06:00:00
495.15,0.5,525.066667,511.6372825,498.207898,2020-12-08 07:00:00
911.433333,0.5,937.575,879.4184955000001,821.261991,2020-12-08 08:00:00
1035.408333,0.5,1056.175,1034.1959145,1012.216829,2020-12-08 09:00:00
1058.458333,0.5,1075.075,1072.9049395000002,1070.734879,2020-12-08 10:00:00
1055.35,0.5,1092.875,1074.068822,1055.262644,2020-12-08 11:00:00
1024.875,0.5,1085.716667,1077.7040055,1069.691344,2020-12-08 12:00:00
992.908333,0.5,1027.566667,1040.0566665000001,1052.546666,2020-12-08 13:00:00
941.016667,0.5,926.716667,942.4125575,958.108448,2020-12-08 14:00:00
636.908333,0.5,628.291667,613.9800459999999,599.668425,2020-12-08 15:00:00
39.483333,0.5,32.516667,42.376694,52.236721,2020-12-08 16:00:00
0.0,0.5,0.0,0.364007,0.728014,2020-12-08 17:00:00
0.0,0.5,0.0,0.0299115,0.059823,2020-12-08 18:00:00
0.0,0.5,0.0,0.0299115,0.059823,2020-12-08 19:00:00
0.0,0.5,0.0,0.0299115,0.059823,2020-12-08 20:00:00
0.0,0.5,0.0,0.0299115,0.059823,2020-12-08 21:00:00
0.0,0.5,0.0,0.0299115,0.059823,2020-12-08 22:00:00
0.0,0.5,0.0,0.0299115,0.059823,2020-12-08 23:00:00
0.0,0.5,0.0,0.0299115,0.059823,2020-12-09 00:00:00
0.0,0.5,0.0,0.0299115,0.059823,2020-12-09 01:00:00
0.0,0.5,0.0,0.0299115,0.059823,2020-12-09 02:00:00
0.0,0.5,0.0,0.0299115,0.059823,2020-12-09 03:00:00
0.0,0.5,0.0,0.0299115,0.059823,2020-12-09 04:00:00
0.0,0.5,0.0,0.0299115,0.059823,2020-12-09 05:00:00
7.925,0.5,8.583333,13.13381,17.684287,2020-12-09 06:00:00
437.191667,0.5,495.15,493.6332595,492.116519,2020-12-09 07:00:00
787.158333,0.5,911.433333,870.1660935,828.898854,2020-12-09 08:00:00
958.891667,0.5,1035.408333,1028.3392745,1021.270216,2020-12-09 09:00:00
1050.625,0.5,1058.458333,1055.4022380000001,1052.346143,2020-12-09 10:00:00
1071.391667,0.5,1055.35,1065.7901769999999,1076.230354,2020-12-09 11:00:00
1043.025,0.5,1024.875,1047.9182445000001,1070.961489,2020-12-09 12:00:00
985.091667,0.5,992.908333,1002.0070575,1011.105782,2020-12-09 13:00:00
891.225,0.5,941.016667,938.004005,934.991343,2020-12-09 14:00:00
589.175,0.5,636.908333,644.5140885,652.119844,2020-12-09 15:00:00
32.25,0.5,39.483333,45.806331,52.129329,2020-12-09 16:00:00
0.0,0.5,0.0,0.06967,0.13934,2020-12-09 17:00:00
0.0,0.5,0.0,0.0299115,0.059823,2020-12-09 18:00:00
0.0,0.5,0.0,0.0299115,0.059823,2020-12-09 19:00:00
0.0,0.5,0.0,0.0299115,0.059823,2020-12-09 20:00:00
0.0,0.5,0.0,0.0299115,0.059823,2020-12-09 21:00:00
0.0,0.5,0.0,0.0299115,0.059823,2020-12-09 22:00:00
0.0,0.5,0.0,0.0299115,0.059823,2020-12-09 23:00:00
0.0,0.5,0.0,0.0299115,0.059823,2020-12-10 00:00:00
0.0,0.5,0.0,0.0299115,0.059823,2020-12-10 01:00:00
0.0,0.5,0.0,0.0299115,0.059823,2020-12-10 02:00:00
0.0,0.5,0.0,0.0299115,0.059823,2020-12-10 03:00:00
0.0,0.5,0.0,0.0299115,0.059823,2020-12-10 04:00:00
0.0,0.5,0.0,0.0299115,0.059823,2020-12-10 05:00:00
7.308333,0.5,7.925,13.602764500000001,19.280529,2020-12-10 06:00:00
473.025,0.5,437.191667,472.030621,506.869575,2020-12-10 07:00:00
869.183333,0.5,787.158333,799.976173,812.794013,2020-12-10 08:00:00
999.8,0.5,958.891667,985.462369,1012.033071,2020-12-10 09:00:00
1051.125,0.5,1050.625,1049.3585655000002,1048.092131,2020-12-10 10:00:00
1073.716667,0.5,1071.391667,1051.364448,1031.337229,2020-12-10 11:00:00
1064.266667,0.5,1043.025,1019.2925995,995.560199,2020-12-10 12:00:00
1017.141667,0.5,985.091667,982.8162905,980.540914,2020-12-10 13:00:00
921.35,0.5,891.225,928.5354005,965.845801,2020-12-10 14:00:00
618.916667,0.5,589.175,630.5561319999999,671.937264,2020-12-10 15:00:00
36.75,0.5,32.25,48.1366405,64.023281,2020-12-10 16:00:00
0.0,0.5,0.0,0.364007,0.728014,2020-12-10 17:00:00
0.0,0.5,0.0,0.0299115,0.059823,2020-12-10 18:00:00
0.0,0.5,0.0,0.0299115,0.059823,2020-12-10 19:00:00
0.0,0.5,0.0,0.0299115,0.059823,2020-12-10 20:00:00
0.0,0.5,0.0,0.0299115,0.059823,2020-12-10 21:00:00
0.0,0.5,0.0,0.0299115,0.059823,2020-12-10 22:00:00
0.0,0.5,0.0,0.0299115,0.059823,2020-12-10 23:00:00
0.0,0.5,0.0,0.0299115,0.059823,2020-12-11 00:00:00
0.0,0.5,0.0,0.0299115,0.059823,2020-12-11 01:00:00
0.0,0.5,0.0,0.0299115,0.059823,2020-12-11 02:00:00
0.0,0.5,0.0,0.0299115,0.059823,2020-12-11 03:00:00
0.0,0.5,0.0,0.0299115,0.059823,2020-12-11 04:00:00
0.0,0.5,0.0,0.0299115,0.059823,2020-12-11 05:00:00
6.083333,0.5,7.308333,11.9756585,16.642984,2020-12-11 06:00:00
466.766667,0.5,473.025,472.88908549999996,472.753171,2020-12-11 07:00:00
877.458333,0.5,869.183333,849.596463,830.009593,2020-12-11 08:00:00
1012.758333,0.5,999.8,980.5333009999999,961.266602,2020-12-11 09:00:00
1058.858333,0.5,1051.125,1036.734706,1022.344412,2020-12-11 10:00:00
1068.816667,0.5,1073.716667,1072.9792085,1072.24175,2020-12-11 11:00:00
1047.15,0.5,1064.266667,1054.4462965,1044.625926,2020-12-11 12:00:00
983.633333,0.5,1017.141667,1007.768988,998.396309,2020-12-11 13:00:00
838.3,0.5,921.35,944.356734,967.363468,2020-12-11 14:00:00
561.875,0.5,618.916667,641.8867995,664.856932,2020-12-11 15:00:00
26.216667,0.5,36.75,47.183129,57.616258,2020-12-11 16:00:00
0.0,0.5,0.0,0.06967,0.13934,2020-12-11 17:00:00
0.0,0.5,0.0,0.0299115,0.059823,2020-12-11 18:00:00
0.0,0.5,0.0,0.0299115,0.059823,2020-12-11 19:00:00
0.0,0.5,0.0,0.0299115,0.059823,2020-12-11 20:00:00
0.0,0.5,0.0,0.0299115,0.059823,2020-12-11 21:00:00
0.0,0.5,0.0,0.0299115,0.059823,2020-12-11 22:00:00
0.0,0.5,0.0,0.0299115,0.059823,2020-12-11 23:00:00
0.0,0.5,0.0,0.0299115,0.059823,2020-12-12 00:00:00
0.0,0.5,0.0,0.0299115,0.059823,2020-12-12 01:00:00
0.0,0.5,0.0,0.0299115,0.059823,2020-12-12 02:00:00
0.0,0.5,0.0,0.0299115,0.059823,2020-12-12 03:00:00
0.0,0.5,0.0,0.0299115,0.059823,2020-12-12 04:00:00
0.0,0.5,0.0,0.0299115,0.059823,2020-12-12 05:00:00
6.041667,0.5,6.083333,10.362308500000001,14.641284,2020-12-12 06:00:00
445.441667,0.5,466.766667,483.505364,500.244061,2020-12-12 07:00:00
840.875,0.5,877.458333,859.4829505,841.507568,2020-12-12 08:00:00
992.85,0.5,1012.758333,992.6180449999999,972.477757,2020-12-12 09:00:00
1075.758333,0.5,1058.858333,1040.2814485,1021.704564,2020-12-12 10:00:00
1102.591667,0.5,1068.816667,1069.2529,1069.689133,2020-12-12 11:00:00
1078.266667,0.5,1047.15,1054.2144,1061.2788,2020-12-12 12:00:00
1038.191667,0.5,983.633333,981.7659695,979.898606,2020-12-12 13:00:00
937.466667,0.5,838.3,900.5039915,962.707983,2020-12-12 14:00:00
635.516667,0.5,561.875,611.4055960000001,660.936192,2020-12-12 15:00:00
39.583333,0.5,26.216667,36.012204,45.807741,2020-12-12 16:00:00
0.0,0.5,0.0,0.0188565,0.037713,2020-12-12 17:00:00
0.0,0.5,0.0,0.0299115,0.059823,2020-12-12 18:00:00
0.0,0.5,0.0,0.0299115,0.059823,2020-12-12 19:00:00
0.0,0.5,0.0,0.0299115,0.059823,2020-12-12 20:00:00
0.0,0.5,0.0,0.0299115,0.059823,2020-12-12 21:00:00
0.0,0.5,0.0,0.0299115,0.059823,2020-12-12 22:00:00
0.0,0.5,0.0,0.0299115,0.059823,2020-12-12 23:00:00
0.0,0.5,0.0,0.0299115,0.059823,2020-12-13 00:00:00
0.0,0.5,0.0,0.0299115,0.059823,2020-12-13 01:00:00
0.0,0.5,0.0,0.0299115,0.059823,2020-12-13 02:00:00
0.0,0.5,0.0,0.0299115,0.059823,2020-12-13 03:00:00
0.0,0.5,0.0,0.0299115,0.059823,2020-12-13 04:00:00
0.0,0.5,0.0,0.0299115,0.059823,2020-12-13 05:00:00
4.858333,0.5,6.041667,9.452505500000001,12.863344,2020-12-13 06:00:00
441.941667,0.5,445.441667,470.97472,496.507773,2020-12-13 07:00:00
936.691667,0.5,840.875,825.8772735,810.879547,2020-12-13 08:00:00
1075.375,0.5,992.85,988.854463,984.858926,2020-12-13 09:00:00
1124.725,0.5,1075.758333,1055.0816304999998,1034.404928,2020-12-13 10:00:00
1074.966667,0.5,1102.591667,1082.588538,1062.585409,2020-12-13 11:00:00
1040.975,0.5,1078.266667,1069.5556545,1060.844642,2020-12-13 12:00:00
1032.591667,0.5,1038.191667,1015.710268,993.228869,2020-12-13 13:00:00
791.0,0.5,937.466667,930.8439605000001,924.221254,2020-12-13 14:00:00
506.533333,0.5,635.516667,643.71916,651.921653,2020-12-13 15:00:00
28.5,0.5,39.583333,45.687539,51.791745,2020-12-13 16:00:00
0.0,0.5,0.0,0.06967,0.13934,2020-12-13 17:00:00
0.0,0.5,0.0,0.0299115,0.059823,2020-12-13 18:00:00
0.0,0.5,0.0,0.0299115,0.059823,2020-12-13 19:00:00
0.0,0.5,0.0,0.0299115,0.059823,2020-12-13 20:00:00
0.0,0.5,0.0,0.0299115,0.059823,2020-12-13 21:00:00
0.0,0.5,0.0,0.0299115,0.059823,2020-12-13 22:00:00
0.0,0.5,0.0,0.0299115,0.059823,2020-12-13 23:00:00
0.0,0.5,0.0,0.0299115,0.059823,2020-12-14 00:00:00
0.0,0.5,0.0,0.0299115,0.059823,2020-12-14 01:00:00
0.0,0.5,0.0,0.0299115,0.059823,2020-12-14 02:00:00
0.0,0.5,0.0,0.0299115,0.059823,2020-12-14 03:00:00
0.0,0.5,0.0,0.0299115,0.059823,2020-12-14 04:00:00
0.0,0.5,0.0,0.0299115,0.059823,2020-12-14 05:00:00
3.358333,0.5,4.858333,7.5413735,10.224414,2020-12-14 06:00:00
417.716667,0.5,441.941667,465.8142,489.686733,2020-12-14 07:00:00
881.375,0.5,936.691667,862.964444,789.237221,2020-12-14 08:00:00
1023.225,0.5,1075.375,1022.3789005,969.382801,2020-12-14 09:00:00
1064.383333,0.5,1124.725,1099.132,1073.539,2020-12-14 10:00:00
1077.416667,0.5,1074.966667,1086.413028,1097.859389,2020-12-14 11:00:00
1057.483333,0.5,1040.975,1055.561872,1070.148744,2020-12-14 12:00:00
1018.008333,0.5,1032.591667,1024.0556715,1015.519676,2020-12-14 13:00:00
964.116667,0.5,791.0,877.8959515,964.791903,2020-12-14 14:00:00
629.7,0.5,506.533333,588.3555195,670.177706,2020-12-14 15:00:00
29.5,0.5,28.5,38.8807005,49.261401,2020-12-14 16:00:00
0.0,0.5,0.0,0.364007,0.728014,2020-12-14 17:00:00
0.0,0.5,0.0,0.0299115,0.059823,2020-12-14 18:00:00
0.0,0.5,0.0,0.0299115,0.059823,2020-12-14 19:00:00
0.0,0.5,0.0,0.0299115,0.059823,2020-12-14 20:00:00
0.0,0.5,0.0,0.0299115,0.059823,2020-12-14 21:00:00
0.0,0.5,0.0,0.0299115,0.059823,2020-12-14 22:00:00
0.0,0.5,0.0,0.0299115,0.059823,2020-12-14 23:00:00
0.0,0.5,0.0,0.0299115,0.059823,2020-12-15 00:00:00
0.0,0.5,0.0,0.0299115,0.059823,2020-12-15 01:00:00
0.0,0.5,0.0,0.0299115,0.059823,2020-12-15 02:00:00
0.0,0.5,0.0,0.0299115,0.059823,2020-12-15 03:00:00
0.0,0.5,0.0,0.0299115,0.059823,2020-12-15 04:00:00
0.0,0.5,0.0,0.0299115,0.059823,2020-12-15 05:00:00
1.991667,0.5,3.358333,6.6604065,9.96248,2020-12-15 06:00:00
318.775,0.5,417.716667,423.565166,429.413665,2020-12-15 07:00:00
746.358333,0.5,881.375,848.199665,815.02433,2020-12-15 08:00:00
865.691667,0.5,1023.225,1022.6271345,1022.029269,2020-12-15 09:00:00
781.258333,0.5,1064.383333,1066.1539054999998,1067.924478,2020-12-15 10:00:00
792.65,0.5,1077.416667,1073.415984,1069.415301,2020-12-15 11:00:00
925.808333,0.5,1057.483333,1045.0575104999998,1032.631688,2020-12-15 12:00:00
930.241667,0.5,1018.008333,1016.773927,1015.539521,2020-12-15 13:00:00
864.141667,0.5,964.116667,932.8202945,901.523922,2020-12-15 14:00:00
548.641667,0.5,629.7,658.9429645,688.185929,2020-12-15 15:00:00
35.041667,0.5,29.5,42.2945865,55.089173,2020-12-15 16:00:00
0.0,0.5,0.0,0.364007,0.728014,2020-12-15 17:00:00
0.0,0.5,0.0,0.0299115,0.059823,2020-12-15 18:00:00
0.0,0.5,0.0,0.0299115,0.059823,2020-12-15 19:00:00
0.0,0.5,0.0,0.0299115,0.059823,2020-12-15 20:00:00
0.0,0.5,0.0,0.0299115,0.059823,2020-12-15 21:00:00
0.0,0.5,0.0,0.0299115,0.059823,2020-12-15 22:00:00
0.0,0.5,0.0,0.0299115,0.059823,2020-12-15 23:00:00
0.0,0.5,0.0,0.0299115,0.059823,2020-12-16 00:00:00
0.0,0.5,0.0,0.0299115,0.059823,2020-12-16 01:00:00
0.0,0.5,0.0,0.0299115,0.059823,2020-12-16 02:00:00
0.0,0.5,0.0,0.0299115,0.059823,2020-12-16 03:00:00
0.0,0.5,0.0,0.0299115,0.059823,2020-12-16 04:00:00
0.0,0.5,0.0,0.0299115,0.059823,2020-12-16 05:00:00
2.933333,0.5,1.991667,5.9440845,9.896502,2020-12-16 06:00:00
382.058333,0.5,318.775,357.95651699999996,397.138034,2020-12-16 07:00:00
868.041667,0.5,746.358333,786.60722,826.856107,2020-12-16 08:00:00
1006.383333,0.5,865.691667,908.4136525,951.135638,2020-12-16 09:00:00
1031.716667,0.5,781.258333,901.035472,1020.812611,2020-12-16 10:00:00
1027.375,0.5,792.65,889.966633,987.283266,2020-12-16 11:00:00
1002.841667,0.5,925.808333,953.7431785,981.678024,2020-12-16 12:00:00
961.625,0.5,930.241667,955.2035095,980.165352,2020-12-16 13:00:00
902.258333,0.5,864.141667,916.096596,968.051525,2020-12-16 14:00:00
585.008333,0.5,548.641667,593.850049,639.058431,2020-12-16 15:00:00
25.916667,0.5,35.041667,39.726910000000004,44.412153,2020-12-16 16:00:00
0.0,0.5,0.0,0.06967,0.13934,2020-12-16 17:00:00
0.0,0.5,0.0,0.0299115,0.059823,2020-12-16 18:00:00
0.0,0.5,0.0,0.0299115,0.059823,2020-12-16 19:00:00
0.0,0.5,0.0,0.0299115,0.059823,2020-12-16 20:00:00
0.0,0.5,0.0,0.0299115,0.059823,2020-12-16 21:00:00
0.0,0.5,0.0,0.0299115,0.059823,2020-12-16 22:00:00
0.0,0.5,0.0,0.0299115,0.059823,2020-12-16 23:00:00
0.0,0.5,0.0,0.0299115,0.059823,2020-12-17 00:00:00
0.0,0.5,0.0,0.0299115,0.059823,2020-12-17 01:00:00
0.0,0.5,0.0,0.0299115,0.059823,2020-12-17 02:00:00
0.0,0.5,0.0,0.0299115,0.059823,2020-12-17 03:00:00
0.0,0.5,0.0,0.0299115,0.059823,2020-12-17 04:00:00
0.0,0.5,0.0,0.0299115,0.059823,2020-12-17 05:00:00
1.591667,0.5,2.933333,4.3291975,5.725062,2020-12-17 06:00:00
329.891667,0.5,382.058333,368.192264,354.326195,2020-12-17 07:00:00
750.208333,0.5,868.041667,780.488407,692.935147,2020-12-17 08:00:00
875.4,0.5,1006.383333,967.9371645,929.490996,2020-12-17 09:00:00
902.05,0.5,1031.716667,983.8017204999999,935.886774,2020-12-17 10:00:00
922.675,0.5,1027.375,1004.198929,981.022858,2020-12-17 11:00:00
996.666667,0.5,1002.841667,985.4721385,968.10261,2020-12-17 12:00:00
956.825,0.5,961.625,962.1903520000001,962.755704,2020-12-17 13:00:00
846.333333,0.5,902.258333,907.3985755,912.538818,2020-12-17 14:00:00
522.775,0.5,585.008333,595.9371175,606.865902,2020-12-17 15:00:00
18.55,0.5,25.916667,45.931129500000004,65.945592,2020-12-17 16:00:00
0.0,0.5,0.0,0.0188565,0.037713,2020-12-17 17:00:00
0.0,0.5,0.0,0.0299115,0.059823,2020-12-17 18:00:00
0.0,0.5,0.0,0.0299115,0.059823,2020-12-17 19:00:00
0.0,0.5,0.0,0.0299115,0.059823,2020-12-17 20:00:00
0.0,0.5,0.0,0.0299115,0.059823,2020-12-17 21:00:00
0.0,0.5,0.0,0.0299115,0.059823,2020-12-17 22:00:00
0.0,0.5,0.0,0.0299115,0.059823,2020-12-17 23:00:00
0.0,0.5,0.0,0.0299115,0.059823,2020-12-18 00:00:00
0.0,0.5,0.0,0.0299115,0.059823,2020-12-18 01:00:00
0.0,0.5,0.0,0.0299115,0.059823,2020-12-18 02:00:00
0.0,0.5,0.0,0.0299115,0.059823,2020-12-18 03:00:00
0.0,0.5,0.0,0.0299115,0.059823,2020-12-18 04:00:00
0.0,0.5,0.0,0.0299115,0.059823,2020-12-18 05:00:00
1.791667,0.5,1.591667,3.712108,5.832549,2020-12-18 06:00:00
360.791667,0.5,329.891667,356.20897249999996,382.526278,2020-12-18 07:00:00
827.983333,0.5,750.208333,788.4427595,826.677186,2020-12-18 08:00:00
955.15,0.5,875.4,911.477436,947.554872,2020-12-18 09:00:00
951.683333,0.5,902.05,951.6497334999999,1001.249467,2020-12-18 10:00:00
1003.533333,0.5,922.675,962.5939579999999,1002.512916,2020-12-18 11:00:00
1007.891667,0.5,996.666667,983.172785,969.678903,2020-12-18 12:00:00
971.666667,0.5,956.825,965.394621,973.964242,2020-12-18 13:00:00
859.733333,0.5,846.333333,886.7092795000001,927.085226,2020-12-18 14:00:00
521.625,0.5,522.775,585.4320455,648.089091,2020-12-18 15:00:00
16.008333,0.5,18.55,32.0177375,45.485475,2020-12-18 16:00:00
0.0,0.5,0.0,0.0188565,0.037713,2020-12-18 17:00:00
0.0,0.5,0.0,0.0299115,0.059823,2020-12-18 18:00:00
0.0,0.5,0.0,0.0299115,0.059823,2020-12-18 19:00:00
0.0,0.5,0.0,0.0299115,0.059823,2020-12-18 20:00:00
0.0,0.5,0.0,0.0299115,0.059823,2020-12-18 21:00:00
0.0,0.5,0.0,0.0299115,0.059823,2020-12-18 22:00:00
0.0,0.5,0.0,0.0299115,0.059823,2020-12-18 23:00:00
0.0,0.5,0.0,0.0299115,0.059823,2020-12-19 00:00:00
0.0,0.5,0.0,0.0299115,0.059823,2020-12-19 01:00:00
0.0,0.5,0.0,0.0299115,0.059823,2020-12-19 02:00:00
0.0,0.5,0.0,0.0299115,0.059823,2020-12-19 03:00:00
0.0,0.5,0.0,0.0299115,0.059823,2020-12-19 04:00:00
0.0,0.5,0.0,0.0299115,0.059823,2020-12-19 05:00:00
0.5,0.5,1.791667,3.0211335000000004,4.2506,2020-12-19 06:00:00
190.55,0.5,360.791667,356.0371635,351.28266,2020-12-19 07:00:00
366.625,0.5,827.983333,786.005793,744.028253,2020-12-19 08:00:00
421.758333,0.5,955.15,942.9792875,930.808575,2020-12-19 09:00:00
400.575,0.5,951.683333,956.0492119999999,960.415091,2020-12-19 10:00:00
444.108333,0.5,1003.533333,980.8727335,958.212134,2020-12-19 11:00:00
496.966667,0.5,1007.891667,992.7535345,977.615402,2020-12-19 12:00:00
445.225,0.5,971.666667,967.7243874999999,963.782108,2020-12-19 13:00:00
312.45,0.5,859.733333,865.4995200000001,871.265707,2020-12-19 14:00:00
195.108333,0.5,521.625,560.3844095,599.143819,2020-12-19 15:00:00
10.666667,0.5,16.008333,27.960391,39.912449,2020-12-19 16:00:00
0.0,0.5,0.0,0.0188565,0.037713,2020-12-19 17:00:00
0.0,0.5,0.0,0.0299115,0.059823,2020-12-19 18:00:00
0.0,0.5,0.0,0.0299115,0.059823,2020-12-19 19:00:00
0.0,0.5,0.0,0.0299115,0.059823,2020-12-19 20:00:00
0.0,0.5,0.0,0.0299115,0.059823,2020-12-19 21:00:00
0.0,0.5,0.0,0.0299115,0.059823,2020-12-19 22:00:00
0.0,0.5,0.0,0.0299115,0.059823,2020-12-19 23:00:00
0.0,0.5,0.0,0.0299115,0.059823,2020-12-20 00:00:00
0.0,0.5,0.0,0.0299115,0.059823,2020-12-20 01:00:00
0.0,0.5,0.0,0.0299115,0.059823,2020-12-20 02:00:00
0.0,0.5,0.0,0.0299115,0.059823,2020-12-20 03:00:00
0.0,0.5,0.0,0.0299115,0.059823,2020-12-20 04:00:00
0.0,0.5,0.0,0.0299115,0.059823,2020-12-20 05:00:00
1.108333,0.5,0.5,2.3753,4.2506,2020-12-20 06:00:00
360.783333,0.5,190.55,271.041488,351.532976,2020-12-20 07:00:00
883.05,0.5,366.625,559.663018,752.701036,2020-12-20 08:00:00
1021.6,0.5,421.758333,633.164895,844.571457,2020-12-20 09:00:00
1066.583333,0.5,400.575,648.687155,896.79931,2020-12-20 10:00:00
1110.116667,0.5,444.108333,675.977263,907.846193,2020-12-20 11:00:00
1137.266667,0.5,496.966667,699.9026775,902.838688,2020-12-20 12:00:00
999.091667,0.5,445.225,668.418502,891.612004,2020-12-20 13:00:00
975.033333,0.5,312.45,560.6085585,808.767117,2020-12-20 14:00:00
653.058333,0.5,195.108333,413.08603850000003,631.063744,2020-12-20 15:00:00
45.091667,0.5,10.666667,22.511626999999997,34.356587,2020-12-20 16:00:00
0.0,0.5,0.0,0.0345405,0.069081,2020-12-20 17:00:00
0.0,0.5,0.0,0.0299115,0.059823,2020-12-20 18:00:00
0.0,0.5,0.0,0.0299115,0.059823,2020-12-20 19:00:00
0.0,0.5,0.0,0.0299115,0.059823,2020-12-20 20:00:00
0.0,0.5,0.0,0.0299115,0.059823,2020-12-20 21:00:00
0.0,0.5,0.0,0.0299115,0.059823,2020-12-20 22:00:00
0.0,0.5,0.0,0.0299115,0.059823,2020-12-20 23:00:00
0.0,0.5,0.0,0.0299115,0.059823,2020-12-21 00:00:00
0.0,0.5,0.0,0.0299115,0.059823,2020-12-21 01:00:00
0.0,0.5,0.0,0.0299115,0.059823,2020-12-21 02:00:00
0.0,0.5,0.0,0.0299115,0.059823,2020-12-21 03:00:00
0.0,0.5,0.0,0.0299115,0.059823,2020-12-21 04:00:00
0.0,0.5,0.0,0.0299115,0.059823,2020-12-21 05:00:00
0.433333,0.5,1.108333,2.48729,3.866247,2020-12-21 06:00:00
310.766667,0.5,360.783333,372.53656950000004,384.289806,2020-12-21 07:00:00
811.783333,0.5,883.05,789.7919294999999,696.533859,2020-12-21 08:00:00
954.791667,0.5,1021.6,983.729015,945.85803,2020-12-21 09:00:00
931.725,0.5,1066.583333,1040.4828915,1014.38245,2020-12-21 10:00:00
894.133333,0.5,1110.116667,1053.8431145,997.569562,2020-12-21 11:00:00
907.883333,0.5,1137.266667,1053.9025945,970.538522,2020-12-21 12:00:00
945.891667,0.5,999.091667,992.8140095,986.536352,2020-12-21 13:00:00
802.566667,0.5,975.033333,865.4294924999999,755.825652,2020-12-21 14:00:00
497.941667,0.5,653.058333,605.023475,556.988617,2020-12-21 15:00:00
25.733333,0.5,45.091667,48.984235999999996,52.876805,2020-12-21 16:00:00
0.0,0.5,0.0,0.06967,0.13934,2020-12-21 17:00:00
0.0,0.5,0.0,0.0299115,0.059823,2020-12-21 18:00:00
0.0,0.5,0.0,0.0299115,0.059823,2020-12-21 19:00:00
0.0,0.5,0.0,0.0299115,0.059823,2020-12-21 20:00:00
0.0,0.5,0.0,0.0299115,0.059823,2020-12-21 21:00:00
0.0,0.5,0.0,0.0299115,0.059823,2020-12-21 22:00:00
0.0,0.5,0.0,0.0299115,0.059823,2020-12-21 23:00:00
0.0,0.5,0.0,0.0299115,0.059823,2020-12-22 00:00:00
0.0,0.5,0.0,0.0299115,0.059823,2020-12-22 01:00:00
0.0,0.5,0.0,0.0299115,0.059823,2020-12-22 02:00:00
0.0,0.5,0.0,0.0299115,0.059823,2020-12-22 03:00:00
0.0,0.5,0.0,0.0299115,0.059823,2020-12-22 04:00:00
0.0,0.5,0.0,0.0299115,0.059823,2020-12-22 05:00:00
1.333333,0.5,0.433333,1.670589,2.907845,2020-12-22 06:00:00
288.4,0.5,310.766667,331.33041449999996,351.894162,2020-12-22 07:00:00
885.983333,0.5,811.783333,822.6297505,833.476168,2020-12-22 08:00:00
1042.658333,0.5,954.791667,963.098283,971.404899,2020-12-22 09:00:00
1066.641667,0.5,931.725,976.0090655,1020.293131,2020-12-22 10:00:00
1056.75,0.5,894.133333,960.27642,1026.419507,2020-12-22 11:00:00
1074.066667,0.5,907.883333,965.0287020000001,1022.174071,2020-12-22 12:00:00
1034.458333,0.5,945.891667,957.2084565,968.525246,2020-12-22 13:00:00
963.825,0.5,802.566667,886.3258075000001,970.084948,2020-12-22 14:00:00
661.358333,0.5,497.941667,595.2788835,692.6161,2020-12-22 15:00:00
57.866667,0.5,25.733333,39.525216,53.317099,2020-12-22 16:00:00
0.0,0.5,0.0,0.0188565,0.037713,2020-12-22 17:00:00
0.0,0.5,0.0,0.0299115,0.059823,2020-12-22 18:00:00
0.0,0.5,0.0,0.0299115,0.059823,2020-12-22 19:00:00
0.0,0.5,0.0,0.0299115,0.059823,2020-12-22 20:00:00
0.0,0.5,0.0,0.0299115,0.059823,2020-12-22 21:00:00
0.0,0.5,0.0,0.0299115,0.059823,2020-12-22 22:00:00
0.0,0.5,0.0,0.0299115,0.059823,2020-12-22 23:00:00
0.0,0.5,0.0,0.0299115,0.059823,2020-12-23 00:00:00
0.0,0.5,0.0,0.0299115,0.059823,2020-12-23 01:00:00
0.0,0.5,0.0,0.0299115,0.059823,2020-12-23 02:00:00
0.0,0.5,0.0,0.0299115,0.059823,2020-12-23 03:00:00
0.0,0.5,0.0,0.0299115,0.059823,2020-12-23 04:00:00
0.0,0.5,0.0,0.0299115,0.059823,2020-12-23 05:00:00
1.466667,0.5,1.333333,1.27502,1.216707,2020-12-23 06:00:00
364.208333,0.5,288.4,297.226567,306.053134,2020-12-23 07:00:00
877.608333,0.5,885.983333,803.9135335000001,721.843734,2020-12-23 08:00:00
1042.066667,0.5,1042.658333,995.657387,948.656441,2020-12-23 09:00:00
1088.616667,0.5,1066.641667,997.529392,928.417117,2020-12-23 10:00:00
1097.158333,0.5,1056.75,988.9882680000001,921.226536,2020-12-23 11:00:00
1092.058333,0.5,1074.066667,1009.384708,944.702749,2020-12-23 12:00:00
1053.666667,0.5,1034.458333,994.6451005,954.831868,2020-12-23 13:00:00
965.466667,0.5,963.825,922.683094,881.541188,2020-12-23 14:00:00
671.408333,0.5,661.358333,666.9429645,672.527596,2020-12-23 15:00:00
54.075,0.5,57.866667,56.684037000000004,55.501407,2020-12-23 16:00:00
0.0,0.5,0.0,0.032191,0.064382,2020-12-23 17:00:00
0.0,0.5,0.0,0.0299115,0.059823,2020-12-23 18:00:00
0.0,0.5,0.0,0.0299115,0.059823,2020-12-23 19:00:00
0.0,0.5,0.0,0.0299115,0.059823,2020-12-23 20:00:00
0.0,0.5,0.0,0.0299115,0.059823,2020-12-23 21:00:00
0.0,0.5,0.0,0.0299115,0.059823,2020-12-23 22:00:00
0.0,0.5,0.0,0.0299115,0.059823,2020-12-23 23:00:00
0.0,0.5,0.0,0.0299115,0.059823,2020-12-24 00:00:00
0.0,0.5,0.0,0.0299115,0.059823,2020-12-24 01:00:00
0.0,0.5,0.0,0.0299115,0.059823,2020-12-24 02:00:00
0.0,0.5,0.0,0.0299115,0.059823,2020-12-24 03:00:00
0.0,0.5,0.0,0.0299115,0.059823,2020-12-24 04:00:00
0.0,0.5,0.0,0.0299115,0.059823,2020-12-24 05:00:00
1.441667,0.5,1.466667,1.4001355,1.333604,2020-12-24 06:00:00
274.091667,0.5,364.208333,348.283458,332.358583,2020-12-24 07:00:00
721.983333,0.5,877.608333,841.7053940000001,805.802455,2020-12-24 08:00:00
912.091667,0.5,1042.066667,1022.0207945,1001.974922,2020-12-24 09:00:00
1046.825,0.5,1088.616667,1068.1854555,1047.754244,2020-12-24 10:00:00
1026.45,0.5,1097.158333,1071.3303805,1045.502428,2020-12-24 11:00:00
977.341667,0.5,1092.058333,1071.213519,1050.368705,2020-12-24 12:00:00
774.433333,0.5,1053.666667,1034.548035,1015.429403,2020-12-24 13:00:00
702.75,0.5,965.466667,964.3698320000001,963.272997,2020-12-24 14:00:00
422.458333,0.5,671.408333,672.0025015,672.59667,2020-12-24 15:00:00
28.575,0.5,54.075,59.276458,64.477916,2020-12-24 16:00:00
0.0,0.5,0.0,0.032191,0.064382,2020-12-24 17:00:00
0.0,0.5,0.0,0.0299115,0.059823,2020-12-24 18:00:00
0.0,0.5,0.0,0.0299115,0.059823,2020-12-24 19:00:00
0.0,0.5,0.0,0.0299115,0.059823,2020-12-24 20:00:00
0.0,0.5,0.0,0.0299115,0.059823,2020-12-24 21:00:00
0.0,0.5,0.0,0.0299115,0.059823,2020-12-24 22:00:00
0.0,0.5,0.0,0.0299115,0.059823,2020-12-24 23:00:00
0.0,0.5,0.0,0.0299115,0.059823,2020-12-25 00:00:00
0.0,0.5,0.0,0.0299115,0.059823,2020-12-25 01:00:00
0.0,0.5,0.0,0.0299115,0.059823,2020-12-25 02:00:00
0.0,0.5,0.0,0.0299115,0.059823,2020-12-25 03:00:00
0.0,0.5,0.0,0.0299115,0.059823,2020-12-25 04:00:00
0.0,0.5,0.0,0.0299115,0.059823,2020-12-25 05:00:00
0.2,0.5,1.441667,1.3672465,1.292826,2020-12-25 06:00:00
266.241667,0.5,274.091667,298.9343225,323.776978,2020-12-25 07:00:00
794.225,0.5,721.983333,761.6462955,801.309258,2020-12-25 08:00:00
763.15,0.5,912.091667,928.9815315000001,945.871396,2020-12-25 09:00:00
705.316667,0.5,1046.825,1029.6839485,1012.542897,2020-12-25 10:00:00
708.591667,0.5,1026.45,1043.802788,1061.155576,2020-12-25 11:00:00
848.208333,0.5,977.341667,1014.7943895000001,1052.247112,2020-12-25 12:00:00
987.075,0.5,774.433333,890.7966385,1007.159944,2020-12-25 13:00:00
916.208333,0.5,702.75,822.467476,942.184952,2020-12-25 14:00:00
664.575,0.5,422.458333,543.018697,663.579061,2020-12-25 15:00:00
64.541667,0.5,28.575,33.423944,38.272888,2020-12-25 16:00:00
0.0,0.5,0.0,0.364007,0.728014,2020-12-25 17:00:00
0.0,0.5,0.0,0.0299115,0.059823,2020-12-25 18:00:00
0.0,0.5,0.0,0.0299115,0.059823,2020-12-25 19:00:00
0.0,0.5,0.0,0.0299115,0.059823,2020-12-25 20:00:00
0.0,0.5,0.0,0.0299115,0.059823,2020-12-25 21:00:00
0.0,0.5,0.0,0.0299115,0.059823,2020-12-25 22:00:00
0.0,0.5,0.0,0.0299115,0.059823,2020-12-25 23:00:00
0.0,0.5,0.0,0.0299115,0.059823,2020-12-26 00:00:00
0.0,0.5,0.0,0.0299115,0.059823,2020-12-26 01:00:00
0.0,0.5,0.0,0.0299115,0.059823,2020-12-26 02:00:00
0.0,0.5,0.0,0.0299115,0.059823,2020-12-26 03:00:00
0.0,0.5,0.0,0.0299115,0.059823,2020-12-26 04:00:00
0.0,0.5,0.0,0.0299115,0.059823,2020-12-26 05:00:00
0.6,0.5,0.2,0.746413,1.292826,2020-12-26 06:00:00
337.325,0.5,266.241667,268.0888435,269.93602,2020-12-26 07:00:00
903.675,0.5,794.225,776.5502245,758.875449,2020-12-26 08:00:00
1057.983333,0.5,763.15,810.7696995,858.389399,2020-12-26 09:00:00
1097.358333,0.5,705.316667,840.426635,975.536603,2020-12-26 10:00:00
1102.608333,0.5,708.591667,829.0469995000001,949.502332,2020-12-26 11:00:00
1099.241667,0.5,848.208333,896.3292215,944.45011,2020-12-26 12:00:00
1050.725,0.5,987.075,947.5000845,907.925169,2020-12-26 13:00:00
968.408333,0.5,916.208333,893.1240965,870.03986,2020-12-26 14:00:00
659.341667,0.5,664.575,599.1804965,533.785993,2020-12-26 15:00:00
45.625,0.5,64.541667,63.59903250000001,62.656398,2020-12-26 16:00:00
0.0,0.5,0.0,0.032191,0.064382,2020-12-26 17:00:00
0.0,0.5,0.0,0.0299115,0.059823,2020-12-26 18:00:00
0.0,0.5,0.0,0.0299115,0.059823,2020-12-26 19:00:00
0.0,0.5,0.0,0.0299115,0.059823,2020-12-26 20:00:00
0.0,0.5,0.0,0.0299115,0.059823,2020-12-26 21:00:00
0.0,0.5,0.0,0.0299115,0.059823,2020-12-26 22:00:00
0.0,0.5,0.0,0.0299115,0.059823,2020-12-26 23:00:00
0.0,0.5,0.0,0.0299115,0.059823,2020-12-27 00:00:00
0.0,0.5,0.0,0.0299115,0.059823,2020-12-27 01:00:00
0.0,0.5,0.0,0.0299115,0.059823,2020-12-27 02:00:00
0.0,0.5,0.0,0.0299115,0.059823,2020-12-27 03:00:00
0.0,0.5,0.0,0.0299115,0.059823,2020-12-27 04:00:00
0.0,0.5,0.0,0.0299115,0.059823,2020-12-27 05:00:00
0.325,0.5,0.6,0.6261935000000001,0.652387,2020-12-27 06:00:00
297.741667,0.5,337.325,309.396301,281.467602,2020-12-27 07:00:00
832.858333,0.5,903.675,793.4023265,683.129653,2020-12-27 08:00:00
983.558333,0.5,1057.983333,851.0706564999999,644.15798,2020-12-27 09:00:00
1033.566667,0.5,1097.358333,914.322138,731.285943,2020-12-27 10:00:00
1042.758333,0.5,1102.608333,922.7548565,742.90138,2020-12-27 11:00:00
1029.575,0.5,1099.241667,957.400537,815.559407,2020-12-27 12:00:00
948.008333,0.5,1050.725,964.5600029999999,878.395006,2020-12-27 13:00:00
883.85,0.5,968.408333,915.3005694999999,862.192806,2020-12-27 14:00:00
612.55,0.5,659.341667,607.9576455,556.573624,2020-12-27 15:00:00
51.683333,0.5,45.625,48.8541765,52.083353,2020-12-27 16:00:00
0.0,0.5,0.0,0.06967,0.13934,2020-12-27 17:00:00
0.0,0.5,0.0,0.0299115,0.059823,2020-12-27 18:00:00
0.0,0.5,0.0,0.0299115,0.059823,2020-12-27 19:00:00
0.0,0.5,0.0,0.0299115,0.059823,2020-12-27 20:00:00
0.0,0.5,0.0,0.0299115,0.059823,2020-12-27 21:00:00
0.0,0.5,0.0,0.0299115,0.059823,2020-12-27 22:00:00
0.0,0.5,0.0,0.0299115,0.059823,2020-12-27 23:00:00
0.0,0.5,0.0,0.0299115,0.059823,2020-12-28 00:00:00
0.0,0.5,0.0,0.0299115,0.059823,2020-12-28 01:00:00
0.0,0.5,0.0,0.0299115,0.059823,2020-12-28 02:00:00
0.0,0.5,0.0,0.0299115,0.059823,2020-12-28 03:00:00
0.0,0.5,0.0,0.0299115,0.059823,2020-12-28 04:00:00
0.0,0.5,0.0,0.0299115,0.059823,2020-12-28 05:00:00
0.55,0.5,0.325,0.6976844999999999,1.070369,2020-12-28 06:00:00
310.483333,0.5,297.741667,294.7639835,291.7863,2020-12-28 07:00:00
849.65,0.5,832.858333,832.5424290000001,832.226525,2020-12-28 08:00:00
999.125,0.5,983.558333,1003.250678,1022.943023,2020-12-28 09:00:00
1002.525,0.5,1033.566667,1037.4711510000002,1041.375635,2020-12-28 10:00:00
1012.75,0.5,1042.758333,1056.2121185,1069.665904,2020-12-28 11:00:00
992.383333,0.5,1029.575,1052.1349774999999,1074.694955,2020-12-28 12:00:00
977.016667,0.5,948.008333,982.0720779999999,1016.135823,2020-12-28 13:00:00
908.208333,0.5,883.85,925.1681955,966.486391,2020-12-28 14:00:00
629.675,0.5,612.55,628.1343265,643.718653,2020-12-28 15:00:00
49.541667,0.5,51.683333,55.626695,59.570057,2020-12-28 16:00:00
0.0,0.5,0.0,0.032191,0.064382,2020-12-28 17:00:00
0.0,0.5,0.0,0.0299115,0.059823,2020-12-28 18:00:00
0.0,0.5,0.0,0.0299115,0.059823,2020-12-28 19:00:00
0.0,0.5,0.0,0.0299115,0.059823,2020-12-28 20:00:00
0.0,0.5,0.0,0.0299115,0.059823,2020-12-28 21:00:00
0.0,0.5,0.0,0.0299115,0.059823,2020-12-28 22:00:00
0.0,0.5,0.0,0.0299115,0.059823,2020-12-28 23:00:00
0.0,0.5,0.0,0.0299115,0.059823,2020-12-29 00:00:00
0.0,0.5,0.0,0.0299115,0.059823,2020-12-29 01:00:00
0.0,0.5,0.0,0.0299115,0.059823,2020-12-29 02:00:00
0.0,0.5,0.0,0.0299115,0.059823,2020-12-29 03:00:00
0.0,0.5,0.0,0.0299115,0.059823,2020-12-29 04:00:00
0.0,0.5,0.0,0.0299115,0.059823,2020-12-29 05:00:00
0.433333,0.5,0.55,0.6011935,0.652387,2020-12-29 06:00:00
227.225,0.5,310.483333,304.2501345,298.016936,2020-12-29 07:00:00
662.133333,0.5,849.65,811.7513425,773.852685,2020-12-29 08:00:00
679.283333,0.5,999.125,987.1295765,975.134153,2020-12-29 09:00:00
713.758333,0.5,1002.525,1008.4343240000001,1014.343648,2020-12-29 10:00:00
720.066667,0.5,1012.75,1012.001501,1011.253002,2020-12-29 11:00:00
573.091667,0.5,992.383333,1004.8531499999999,1017.322967,2020-12-29 12:00:00
581.633333,0.5,977.016667,962.2062295000001,947.395792,2020-12-29 13:00:00
470.233333,0.5,908.208333,910.0308685,911.853404,2020-12-29 14:00:00
349.383333,0.5,629.675,615.2306185,600.786237,2020-12-29 15:00:00
12.916667,0.5,49.541667,52.09886349999999,54.65606,2020-12-29 16:00:00
0.0,0.5,0.0,0.06967,0.13934,2020-12-29 17:00:00
0.0,0.5,0.0,0.0299115,0.059823,2020-12-29 18:00:00
0.0,0.5,0.0,0.0299115,0.059823,2020-12-29 19:00:00
0.0,0.5,0.0,0.0299115,0.059823,2020-12-29 20:00:00
0.0,0.5,0.0,0.0299115,0.059823,2020-12-29 21:00:00
0.0,0.5,0.0,0.0299115,0.059823,2020-12-29 22:00:00
0.0,0.5,0.0,0.0299115,0.059823,2020-12-29 23:00:00
0.0,0.5,0.0,0.0299115,0.059823,2020-12-30 00:00:00
0.0,0.5,0.0,0.0299115,0.059823,2020-12-30 01:00:00
0.0,0.5,0.0,0.0299115,0.059823,2020-12-30 02:00:00
0.0,0.5,0.0,0.0299115,0.059823,2020-12-30 03:00:00
0.0,0.5,0.0,0.0299115,0.059823,2020-12-30 04:00:00
0.0,0.5,0.0,0.0299115,0.059823,2020-12-30 05:00:00
0.175,0.5,0.433333,0.7518509999999999,1.070369,2020-12-30 06:00:00
229.85,0.5,227.225,266.538888,305.852776,2020-12-30 07:00:00
669.3,0.5,662.133333,717.3528034999999,772.572274,2020-12-30 08:00:00
766.466667,0.5,679.283333,787.498945,895.714557,2020-12-30 09:00:00
802.475,0.5,713.758333,815.8561629999999,917.953993,2020-12-30 10:00:00
697.0,0.5,720.066667,832.344703,944.622739,2020-12-30 11:00:00
726.241667,0.5,573.091667,765.5101715000001,957.928676,2020-12-30 12:00:00
698.716667,0.5,581.633333,737.3097395,892.986146,2020-12-30 13:00:00
593.191667,0.5,470.233333,663.6550910000001,857.076849,2020-12-30 14:00:00
359.85,0.5,349.383333,515.8128485,682.242364,2020-12-30 15:00:00
24.066667,0.5,12.916667,31.5330115,50.149356,2020-12-30 16:00:00
0.0,0.5,0.0,0.0345405,0.069081,2020-12-30 17:00:00
0.0,0.5,0.0,0.0299115,0.059823,2020-12-30 18:00:00
0.0,0.5,0.0,0.0299115,0.059823,2020-12-30 19:00:00
0.0,0.5,0.0,0.0299115,0.059823,2020-12-30 20:00:00
0.0,0.5,0.0,0.0299115,0.059823,2020-12-30 21:00:00
0.0,0.5,0.0,0.0299115,0.059823,2020-12-30 22:00:00
0.0,0.5,0.0,0.0299115,0.059823,2020-12-30 23:00:00
0.0,0.5,0.0,0.0299115,0.059823,2020-12-31 00:00:00
0.0,0.5,0.0,0.0299115,0.059823,2020-12-31 01:00:00
0.0,0.5,0.0,0.0299115,0.059823,2020-12-31 02:00:00
0.0,0.5,0.0,0.0299115,0.059823,2020-12-31 03:00:00
0.0,0.5,0.0,0.0299115,0.059823,2020-12-31 04:00:00
0.0,0.5,0.0,0.0299115,0.059823,2020-12-31 05:00:00
0.008333,0.5,0.175,0.5119165,0.848833,2020-12-31 06:00:00
272.225,0.5,229.85,254.8899755,279.929951,2020-12-31 07:00:00
791.708333,0.5,669.3,708.2669685,747.233937,2020-12-31 08:00:00
958.508333,0.5,766.466667,823.2866915,880.106716,2020-12-31 09:00:00
893.716667,0.5,802.475,850.108965,897.74293,2020-12-31 10:00:00
979.358333,0.5,697.0,814.3742115,931.748423,2020-12-31 11:00:00
1002.308333,0.5,726.241667,801.577632,876.913597,2020-12-31 12:00:00
962.316667,0.5,698.716667,773.3892275000001,848.061788,2020-12-31 13:00:00
911.091667,0.5,593.191667,740.8017050000001,888.411743,2020-12-31 14:00:00
655.85,0.5,359.85,518.8323535,677.814707,2020-12-31 15:00:00
84.4,0.5,24.066667,32.472653,40.878639,2020-12-31 16:00:00
0.0,0.5,0.0,0.0188565,0.037713,2020-12-31 17:00:00
0.0,0.5,0.0,0.0299115,0.059823,2020-12-31 18:00:00
0.0,0.5,0.0,0.0299115,0.059823,2020-12-31 19:00:00
0.0,0.5,0.0,0.0299115,0.059823,2020-12-31 20:00:00
0.0,0.5,0.0,0.0299115,0.059823,2020-12-31 21:00:00
0.0,0.5,0.0,0.0299115,0.059823,2020-12-31 22:00:00
0.0,0.5,0.0,0.0299115,0.059823,2020-12-31 23:00:00
