target,horizon,model,feature_set,samples,MAE,RMSE,sMAPE,nMAE,nRMSE,best_baseline,best_baseline_MAE,relative_MAE_difference_pct,rts_day_ahead_MAE
load,1,extra_trees,combined_v1,1464,78.90391942371373,102.0810388933481,1.9217431225578328,0.018530752827224117,0.023973948491972798,H1_PERSISTENCE,178.41873153377162,55.77598902008864,
load,1,hist_gradient_boosting,combined_v1,1464,70.64036655090966,93.4293227312915,1.687750446182744,0.016590039908537232,0.021942074601533496,H1_PERSISTENCE,178.41873153377162,60.40753908311547,
load,1,linear_regression,combined_v1,1464,58.313492662027386,81.66220249217284,1.397376754379833,0.013695047431159877,0.019178541456007638,H1_PERSISTENCE,178.41873153377162,67.31649633380023,
load,1,random_forest,combined_v1,1464,77.80824339566976,104.30967715268689,1.8955875528026305,0.01827343098817368,0.024497348913988977,H1_PERSISTENCE,178.41873153377162,56.39009271795995,
load,1,ridge,combined_v1,1464,58.46644032379624,81.709458942848,1.4012102602432779,0.013730967513919274,0.019189639733676846,H1_PERSISTENCE,178.41873153377162,67.23077234033046,
load,24,extra_trees,combined_v1,1464,182.94011630218213,249.01494228191393,4.13578730787153,0.04296387431877733,0.058481687340930844,H24_DAILY_PERSISTENCE,211.39225100054077,13.45940287011081,126.61306197357129
load,24,hist_gradient_boosting,combined_v1,1464,207.9435796366557,290.65973580332513,4.703537597393708,0.04883599071375125,0.06826205542558807,H24_DAILY_PERSISTENCE,211.39225100054077,1.6314086006285287,126.61306197357129
load,24,linear_regression,combined_v1,1464,259.5136241101777,327.2675597579477,6.111068084033028,0.06094732503538428,0.07685948052436925,H24_DAILY_PERSISTENCE,211.39225100054077,-22.764019438685033,126.61306197357129
load,24,random_forest,combined_v1,1464,179.4583223153323,249.6605542519462,4.054659804216973,0.04214616761628571,0.05863331068139788,H24_DAILY_PERSISTENCE,211.39225100054077,15.106480267872623,126.61306197357129
load,24,ridge,combined_v1,1464,259.5022376243722,327.24156201156404,6.110608601139563,0.060944650895042786,0.07685337489849137,H24_DAILY_PERSISTENCE,211.39225100054077,-22.75863301333044,126.61306197357129
pv,1,extra_trees,combined_v1,1464,27.330560930987602,51.245136253044826,107.59436288936848,0.06609558600527458,0.12393003272482579,H1_DAILY_SEASONAL_PERSISTENCE,33.7650956284153,19.056764323251798,
pv,1,hist_gradient_boosting,combined_v1,1464,24.963556084770133,47.03096222729146,105.87656566104076,0.06037127713422299,0.11373857333752259,H1_DAILY_SEASONAL_PERSISTENCE,33.7650956284153,26.066976502913143,
pv,1,linear_regression,combined_v1,1464,68.88306288369391,94.81567421378801,111.60760329066673,0.1665851798150931,0.22929999737180895,H1_DAILY_SEASONAL_PERSISTENCE,33.7650956284153,-104.00671640842262,
pv,1,random_forest,combined_v1,1464,25.52303369296178,51.00745007396633,105.20824314611433,0.06172430462837621,0.12335521805742043,H1_DAILY_SEASONAL_PERSISTENCE,33.7650956284153,24.410006197397966,
pv,1,ridge,combined_v1,1464,68.88766041898963,94.81385558052087,111.6095040868196,0.16659629838636275,0.22929559923187232,H1_DAILY_SEASONAL_PERSISTENCE,33.7650956284153,-104.02033264498334,
pv,24,extra_trees,combined_v1,1464,38.98978544210114,78.190523383503,105.66709212099695,0.09429198045085552,0.18909412346645924,H24_DAILY_PERSISTENCE,33.7650956284153,-15.473641393418573,48.795446265938075
pv,24,hist_gradient_boosting,combined_v1,1464,42.0063076873785,84.605341195516,106.51003086403082,0.10158706692943185,0.2046075680486137,H24_DAILY_PERSISTENCE,33.7650956284153,-24.407489170644425,48.795446265938075
pv,24,linear_regression,combined_v1,1464,45.6591083973253,75.92261372483686,106.75284950306926,0.11042091428785458,0.18360946406722223,H24_DAILY_PERSISTENCE,33.7650956284153,-35.22576361045602,48.795446265938075
pv,24,random_forest,combined_v1,1464,36.58821073403996,76.11796057970159,104.41032852005068,0.08848406863866962,0.18408188630836006,H24_DAILY_PERSISTENCE,33.7650956284153,-8.361045787321396,48.795446265938075
pv,24,ridge,combined_v1,1464,45.69962151221202,75.94778813739022,106.76428082450255,0.11051889025242034,0.18367034527468276,H24_DAILY_PERSISTENCE,33.7650956284153,-35.34574880265737,48.795446265938075
wind,1,extra_trees,combined_v1,1464,72.01173622614155,118.82681280158904,21.522708047063983,0.11355260038649238,0.18737353515385932,H1_PERSISTENCE,79.22726548269581,9.107381420516425,
wind,1,hist_gradient_boosting,combined_v1,1464,78.04695133651131,124.35545747680408,27.21907142872336,0.12306930426823488,0.19609144715520477,H1_PERSISTENCE,79.22726548269581,1.4897827648012096,
wind,1,linear_regression,combined_v1,1464,72.79132743127002,116.50690215629399,26.187297216745858,0.11478190845792646,0.1837153552481521,H1_PERSISTENCE,79.22726548269581,8.123387841565073,
wind,1,random_forest,combined_v1,1464,75.08444822003833,122.38602556379008,20.843842321724694,0.11839784444573895,0.19298592399013906,H1_PERSISTENCE,79.22726548269581,5.229029725331526,
wind,1,ridge,combined_v1,1464,72.82215319897809,116.51696513658207,26.21553120660665,0.11483051645247846,0.18373122318356422,H1_PERSISTENCE,79.22726548269581,8.084479812213992,
wind,24,extra_trees,combined_v1,1464,538.5307724102221,649.1344641702146,98.45783387650381,0.8491889350270646,1.023595739665861,H24_DAILY_PERSISTENCE,586.5422757285975,8.185514549439073,269.0056523224044
wind,24,hist_gradient_boosting,combined_v1,1464,513.9065004644714,676.417529692913,100.29393451493489,0.8103598460674084,1.0666173802896683,H24_DAILY_PERSISTENCE,586.5422757285975,12.383723777437627,269.0056523224044
wind,24,linear_regression,combined_v1,1464,531.0504070431097,635.9041971927503,98.89959640973892,0.8373934280195787,1.0027334289116698,H24_DAILY_PERSISTENCE,586.5422757285975,9.460847236724126,269.0056523224044
wind,24,random_forest,combined_v1,1464,541.1005148441197,712.2738264606982,98.76917352513313,0.8532410652906127,1.1231578270499802,H24_DAILY_PERSISTENCE,586.5422757285975,7.747397376946171,269.0056523224044
wind,24,ridge,combined_v1,1464,531.0396085959977,635.9028963817977,98.89994070346403,0.8373764003541737,1.0027313777117681,H24_DAILY_PERSISTENCE,586.5422757285975,9.46268827147282,269.0056523224044
