run_id,evidence_status,target,model,framework,implementation_id,feature_set,feature_count,fold,seed,training_seconds,prediction_seconds,epochs,MAE,RMSE,sMAPE,nMAE,nRMSE
P10-load-random_forest-B_lags_only-F05-S42,VALID,load,random_forest,sklearn,SKLEARN_RANDOM_FOREST_REGRESSOR,B_lags_only,3,F05,42,0.5154297999997652,0.0970102000001134,N/A,338.4944798582138,428.3232192294867,7.321709925681175,0.07260459251376289,0.0918722007205737
P10-load-mlp-E_full-F05-S42,VALID,load,mlp,pytorch,PYTORCH_MLP_V1,E_full,12,F05,42,0.2199955999994927,0.0,12,556.7729,676.2438077350505,12.0798,0.11942372,0.1450493553724266
P10-load-mlp-E_full-F05-S123,VALID,load,mlp,pytorch,PYTORCH_MLP_V1,E_full,12,F05,123,0.1756851000000097,0.0,12,506.37643,628.3558158002518,10.836517,0.10861404,0.13477773102515572
P10-load-mlp-E_full-F05-S2020,VALID,load,mlp,pytorch,PYTORCH_MLP_V1,E_full,12,F05,2020,0.17896310000014637,0.0,12,721.9661,927.5921450184882,15.285892,0.15485646,0.19896173709020193
P10-load-mlp-E_full-F05-S2025,VALID,load,mlp,pytorch,PYTORCH_MLP_V1,E_full,12,F05,2025,0.1759516000001895,0.0,12,520.2191,664.6939380271193,11.058074,0.111583196,0.1425719927162242
P10-load-mlp-E_full-F05-S31415,VALID,load,mlp,pytorch,PYTORCH_MLP_V1,E_full,12,F05,31415,0.1547774999999092,0.0,12,587.14307,723.6827473071332,12.626191,0.1259379,0.15522466126916917
P10-load-random_forest-B_lags_only-F06-S42,VALID,load,random_forest,sklearn,SKLEARN_RANDOM_FOREST_REGRESSOR,B_lags_only,3,F06,42,0.47487749999982043,0.1022434999995312,N/A,233.4370768607666,318.23939696040446,5.8878078811993895,0.06036846333214737,0.0822989373607845
P10-load-mlp-E_full-F06-S42,VALID,load,mlp,pytorch,PYTORCH_MLP_V1,E_full,12,F06,42,0.19258069999978034,0.0,12,444.9527,541.7557394712122,11.76378,0.115067884,0.14010182929404616
P10-load-mlp-E_full-F06-S123,VALID,load,mlp,pytorch,PYTORCH_MLP_V1,E_full,12,F06,123,0.18098510000072565,0.0,12,363.57745,441.74006072576213,9.62068,0.094023675,0.11423707414811975
P10-load-mlp-E_full-F06-S2020,VALID,load,mlp,pytorch,PYTORCH_MLP_V1,E_full,12,F06,2020,0.18720440000015515,0.0,12,362.60715,440.4982087080491,9.497583,0.09377275,0.11391592251701027
P10-load-mlp-E_full-F06-S2025,VALID,load,mlp,pytorch,PYTORCH_MLP_V1,E_full,12,F06,2025,0.18605320000006031,0.0,12,347.02344,411.1825932599774,9.218872,0.08974269,0.10633469900258198
P10-load-mlp-E_full-F06-S31415,VALID,load,mlp,pytorch,PYTORCH_MLP_V1,E_full,12,F06,31415,0.19061839999994845,0.0,12,415.32492,499.726331355473,10.989479,0.10740593,0.12923272993404947
P10-wind-hist_gradient_boosting-B_lags_only-F05-S42,VALID,wind,hist_gradient_boosting,sklearn,SKLEARN_HIST_GRADIENT_BOOSTING_REGRESSOR,B_lags_only,3,F05,42,3.8587829999996757,0.005810899999232788,N/A,541.2722543062326,648.4101300879556,111.4289353760003,0.964438837431229,1.1553370915754682
P10-wind-mlp-E_full-F05-S42,VALID,wind,mlp,pytorch,PYTORCH_MLP_V1,E_full,12,F05,42,0.16429650000009133,0.0,12,529.5544,636.5876805279851,111.38318,0.94356,1.1342718523756097
P10-wind-mlp-E_full-F05-S123,VALID,wind,mlp,pytorch,PYTORCH_MLP_V1,E_full,12,F05,123,0.1622750000005908,0.0,12,523.59686,642.5527458893939,111.485634,0.9329449,1.1449004051170248
P10-wind-mlp-E_full-F05-S2020,VALID,wind,mlp,pytorch,PYTORCH_MLP_V1,E_full,12,F05,2020,0.06952060000003257,0.0,5,524.6606,640.0985275721231,111.58172,0.9348402,1.1405274792153546
P10-wind-mlp-E_full-F05-S2025,VALID,wind,mlp,pytorch,PYTORCH_MLP_V1,E_full,12,F05,2025,0.16846559999976307,0.0,12,533.6607,644.818239894003,112.364845,0.95087665,1.1489370620611594
P10-wind-mlp-E_full-F05-S31415,VALID,wind,mlp,pytorch,PYTORCH_MLP_V1,E_full,12,F05,31415,0.1659151000003476,0.0,12,509.67474,639.5110192561189,110.04626,0.90813845,1.1394806569687672
P10-wind-hist_gradient_boosting-B_lags_only-F06-S42,VALID,wind,hist_gradient_boosting,sklearn,SKLEARN_HIST_GRADIENT_BOOSTING_REGRESSOR,B_lags_only,3,F06,42,0.679523099999642,0.0058523999996396014,N/A,515.9539749896628,648.8683053500109,89.08784840311085,0.7321006012791392,0.9206962239359364
P10-wind-mlp-E_full-F06-S42,VALID,wind,mlp,pytorch,PYTORCH_MLP_V1,E_full,12,F06,42,0.18874790000063513,0.0,12,536.0968,660.9285371732711,91.27648,0.7606818,0.9378088025715627
P10-wind-mlp-E_full-F06-S123,VALID,wind,mlp,pytorch,PYTORCH_MLP_V1,E_full,12,F06,123,0.17882360000021436,0.0,12,538.4436,672.5492547018397,91.5471,0.76401174,0.9542977428692522
P10-wind-mlp-E_full-F06-S2020,VALID,wind,mlp,pytorch,PYTORCH_MLP_V1,E_full,12,F06,2020,0.0901043000003483,0.0,6,550.1619,684.9543096075826,94.23298,0.7806392,0.9718996000030731
P10-wind-mlp-E_full-F06-S2025,VALID,wind,mlp,pytorch,PYTORCH_MLP_V1,E_full,12,F06,2025,0.18454599999950005,0.0,12,539.133,671.1834929808688,91.72318,0.7649899,0.9523598278117185
P10-wind-mlp-E_full-F06-S31415,VALID,wind,mlp,pytorch,PYTORCH_MLP_V1,E_full,12,F06,31415,0.17198240000016085,0.0,12,539.1874,674.5326391287526,91.086754,0.7650671,0.9571120189518034
P10-pv-random_forest-B_lags_only-F05-S42,VALID,pv,random_forest,sklearn,SKLEARN_RANDOM_FOREST_REGRESSOR,B_lags_only,3,F05,42,0.2808089000000109,0.09196429999974498,N/A,37.41450364469237,68.09509122717603,101.48109289382812,0.08456534423656845,0.15391049645165006
P10-pv-mlp-E_full-F05-S42,VALID,pv,mlp,pytorch,PYTORCH_MLP_V1,E_full,12,F05,42,0.16879249999965396,0.0,12,237.68883,262.8030690935705,116.691025,0.5372312,0.593995104555588
P10-pv-mlp-E_full-F05-S123,VALID,pv,mlp,pytorch,PYTORCH_MLP_V1,E_full,12,F05,123,0.1720444000002317,0.0,12,246.00475,277.3382974816136,121.33231,0.55602705,0.626848048533274
P10-pv-mlp-E_full-F05-S2020,VALID,pv,mlp,pytorch,PYTORCH_MLP_V1,E_full,12,F05,2020,0.167987699999685,0.0,12,272.9373,333.8060814305216,127.90879,0.61690074,0.7544781684799005
P10-pv-mlp-E_full-F05-S2025,VALID,pv,mlp,pytorch,PYTORCH_MLP_V1,E_full,12,F05,2025,0.16538949999994657,0.0,12,223.80783,255.9698544873009,118.42763,0.50585693,0.5785504750902574
P10-pv-mlp-E_full-F05-S31415,VALID,pv,mlp,pytorch,PYTORCH_MLP_V1,E_full,12,F05,31415,0.16606799999954092,0.0,12,274.49704,304.1647759644433,122.37903,0.6204262,0.6874820317901177
P10-pv-random_forest-B_lags_only-F06-S42,VALID,pv,random_forest,sklearn,SKLEARN_RANDOM_FOREST_REGRESSOR,B_lags_only,3,F06,42,0.30539669999961916,0.10251779999998689,N/A,50.71805633852283,102.16031421665186,113.63338910194555,0.13156388976741287,0.26500637620048245
P10-pv-mlp-E_full-F06-S42,VALID,pv,mlp,pytorch,PYTORCH_MLP_V1,E_full,12,F06,42,0.17194490000019869,0.0,12,256.88324,276.8145673325376,125.90005,0.66636145,0.7180638189182776
P10-pv-mlp-E_full-F06-S123,VALID,pv,mlp,pytorch,PYTORCH_MLP_V1,E_full,12,F06,123,0.18532299999969837,0.0,12,247.8888,279.4240588916781,127.77858,0.64302963,0.7248329044199827
P10-pv-mlp-E_full-F06-S2020,VALID,pv,mlp,pytorch,PYTORCH_MLP_V1,E_full,12,F06,2020,0.16395060000013473,0.0,12,221.31296,293.6774245451972,131.42459,0.57409126,0.7618064866711994
P10-pv-mlp-E_full-F06-S2025,VALID,pv,mlp,pytorch,PYTORCH_MLP_V1,E_full,12,F06,2025,0.1703032000004896,0.0,12,204.87526,245.85657022947342,125.41897,0.53145146,0.6377580104483696
P10-pv-mlp-E_full-F06-S31415,VALID,pv,mlp,pytorch,PYTORCH_MLP_V1,E_full,12,F06,31415,0.1845698999995875,0.0,12,255.22723,286.71460657769074,127.908585,0.66206574,0.743744765034367
